customer_id,first_name,last_name,email,city,state,signup_date,account_status
CUST0059,Titi,Lawal,titi.lawal437@gmail.com,Kano,Kano,2023-06-12,Active
CUST0060,Uche,Ibrahim,uche.ibrahim861@gmail.com,Abuja,FCT,2024-06-17,Active
CUST0061,Chidi,Oluwole,chidi.oluwole241@yahoo.com,Lagos,Lagos,2024-07-07,Active
CUST0062,Gbenga,Eze,gbenga.eze724@yahoo.com,Lagos,Lagos,2023-12-05,Active
CUST0063,Obinna,Adegoke,obinna.adegoke399@gmail.com,Lagos,Lagos,2023-01-21,Active
CUST0064,Emeka,Obi,emeka.obi306@gmail.com,Abuja,FCT,2024-03-05,Active
CUST0065,Kola,Adegoke,kola.adegoke498@yahoo.com,Abuja,FCT,2024-11-26,Active
CUST0066,Blessing,Eze,blessing.eze638@gmail.com,Port Harcourt,Rivers,2024-08-29,Active
CUST0067,Aisha,Eze,aisha.eze888@gmail.com,Lagos,Lagos,2024-01-24,Active
CUST0068,Uche,Chukwu,uche.chukwu285@gmail.com,Lagos,Lagos,2023-09-16,Active
CUST0069,Tobi,Adeleke,tobi.adeleke975@gmail.com,Lagos,Lagos,2024-10-29,Inactive
CUST0070,Yemi,Okafor,yemi.okafor637@yahoo.com,Ibadan,Oyo,2024-11-16,Active
CUST0071,Kola,Obi,kola.obi172@gmail.com,Abuja,FCT,2023-04-28,Active
CUST0072,Amaka,Fagbemi,amaka.fagbemi27@gmail.com,Ibadan,Oyo,2024-01-20,Active
CUST0073,Gbenga,Ibrahim,gbenga.ibrahim105@gmail.com,Lagos,Lagos,2024-12-01,Active
CUST0074,Ayo,Adeleke,ayo.adeleke356@gmail.com,Port Harcourt,Rivers,2023-03-12,Active
CUST0075,Aisha,Babangida,aisha.babangida109@gmail.com,Lagos,Lagos,2024-04-15,Active
CUST0076,Segun,Nwosu,segun.nwosu631@gmail.com,Lagos,Lagos,2024-05-10,Active
CUST0077,Ibrahim,Ibrahim,ibrahim.ibrahim851@gmail.com,Kano,Kano,2024-04-06,Active
CUST0078,Lola,Chukwu,lola.chukwu345@yahoo.com,Kano,Kano,2023-07-06,Active
CUST0079,Ibrahim,Nwosu,ibrahim.nwosu902@gmail.com,Port Harcourt,Rivers,2024-07-23,Inactive
CUST0080,Titi,Adegoke,titi.adegoke501@gmail.com,Lagos,Lagos,2024-05-02,Active
CUST0081,Emeka,Musa,emeka.musa302@yahoo.com,Abuja,FCT,2023-11-10,Active
CUST0082,Segun,Obi,segun.obi436@gmail.com,Abuja,FCT,2023-12-27,Active
CUST0083,Funmi,Bello,funmi.bello739@yahoo.com,Lagos,Lagos,2024-07-02,Active
CUST0084,Yemi,Babangida,yemi.babangida284@gmail.com,Lagos,Lagos,2024-06-21,Active
CUST0085,Sade,Ibrahim,,Port Harcourt,Rivers,2024-06-30,Active
CUST0086,Tobi,Oluwole,tobi.oluwole715@gmail.com,Ibadan,Oyo,2024-05-17,Active
CUST0087,Ada,Babangida,ada.babangida452@gmail.com,Kano,Kano,2023-09-16,Active
CUST0088,Chidi,Chukwu,chidi.chukwu504@yahoo.com,Lagos,Lagos,2023-02-24,Active
CUST0089,Chidi,Ibrahim,chidi.ibrahim122@gmail.com,Ibadan,Oyo,2024-09-02,Active
CUST0090,Musa,Nnamdi,musa.nnamdi931@gmail.com,Port Harcourt,Rivers,2024-03-15,Active
CUST0091,Titi,Bello,titi.bello971@gmail.com,Lagos,Lagos,2023-09-28,Active
CUST0092,Tobi,Musa,tobi.musa161@yahoo.com,Lagos,Lagos,2024-08-31,Active
CUST0093,Gbenga,Oluwole,gbenga.oluwole720@gmail.com,Lagos,Lagos,2023-08-28,Active
CUST0094,Chioma,Adeyemi,chioma.adeyemi436@yahoo.com,Kano,Kano,2023-06-02,Active
CUST0095,Bisi,Oluwole,bisi.oluwole610@gmail.com,Lagos,Lagos,2023-10-23,Active
CUST0096,Gbenga,Chukwu,gbenga.chukwu966@yahoo.com,Kano,Kano,2024-03-24,Active
CUST0097,Titi,Abubakar,titi.abubakar619@yahoo.com,Ibadan,Oyo,2024-11-21,Active
CUST0098,Lola,Nwosu,lola.nwosu591@yahoo.com,Ibadan,Oyo,2024-04-26,Active
CUST0099,Bisi,Fagbemi,bisi.fagbemi447@gmail.com,Ibadan,Oyo,2023-04-04,Active
CUST0100,Lola,Bello,lola.bello879@yahoo.com,Lagos,Lagos,2024-05-22,Active
CUST0101,Tobi,Adeleke,tobi.adeleke466@yahoo.com,Port Harcourt,Rivers,2023-04-29,Active
CUST0102,Obinna,Okafor,obinna.okafor674@gmail.com,Ibadan,Oyo,2023-02-25,Active
CUST0103,Ada,Nnamdi,ada.nnamdi779@yahoo.com,Kano,Kano,2023-05-15,Active
CUST0104,Ada,Bello,ada.bello30@gmail.com,Ibadan,Oyo,2023-09-03,Active
CUST0105,Tobi,Adegoke,tobi.adegoke96@yahoo.com,Kano,Kano,2023-04-27,Active
CUST0106,Tunde,Babangida,tunde.babangida956@gmail.com,Kano,Kano,2023-10-07,Active
CUST0107,Funmi,Nnamdi,funmi.nnamdi565@yahoo.com,Ibadan,Oyo,2024-09-05,Active
CUST0108,Kola,Adegoke,kola.adegoke349@gmail.com,Ibadan,Oyo,2023-01-03,Active
CUST0109,Ayo,Babangida,ayo.babangida887@yahoo.com,Port Harcourt,Rivers,2023-12-20,Active
CUST0110,Blessing,Abubakar,blessing.abubakar891@yahoo.com,Abuja,FCT,2024-08-08,Active
CUST0111,Titi,Babangida,titi.babangida723@gmail.com,Lagos,Lagos,2024-11-10,Active
CUST0112,Ada,Adeleke,ada.adeleke130@gmail.com,Ibadan,Oyo,2023-04-13,Active
CUST0113,Blessing,Nnamdi,blessing.nnamdi16@gmail.com,Lagos,Lagos,2024-11-01,Active
CUST0114,Kola,Abubakar,kola.abubakar639@gmail.com,Abuja,FCT,2023-12-03,Active
CUST0115,Femi,Babangida,femi.babangida894@gmail.com,Ibadan,Oyo,2023-08-29,Active
CUST0116,Titi,Musa,titi.musa445@gmail.com,Ibadan,Oyo,2023-04-13,Active
CUST0117,Ngozi,Abubakar,ngozi.abubakar816@yahoo.com,Ibadan,Oyo,2024-03-17,Active
CUST0118,Chioma,Okonkwo,chioma.okonkwo175@yahoo.com,Kano,Kano,2024-01-27,Active
CUST0119,Ayo,Eze,ayo.eze238@gmail.com,Abuja,FCT,2023-09-19,Active
CUST0120,Lola,Taiwo,lola.taiwo162@yahoo.com,Ibadan,Oyo,2024-08-24,Active
CUST0121,Chukwu,Oluwole,chukwu.oluwole204@gmail.com,Kano,Kano,2023-04-20,Active
CUST0122,Gbenga,Oluwole,gbenga.oluwole23@gmail.com,Kano,Kano,2023-10-09,Inactive
CUST0123,Titi,Babangida,titi.babangida853@gmail.com,Ibadan,Oyo,2023-08-24,Active
CUST0124,Yemi,Okorie,yemi.okorie257@gmail.com,Lagos,Lagos,2024-11-06,Active
CUST0125,Oluwaseun,Adeleke,oluwaseun.adeleke317@gmail.com,Kano,Kano,2024-01-09,Active
CUST0126,Ibrahim,Adegoke,ibrahim.adegoke180@yahoo.com,Ibadan,Oyo,2024-01-10,Active
CUST0127,Kola,Babangida,kola.babangida991@gmail.com,Port Harcourt,Rivers,2023-12-13,Active
CUST0128,Tunde,Ibrahim,tunde.ibrahim881@gmail.com,Ibadan,Oyo,2024-02-11,Active
CUST0129,Musa,Okafor,musa.okafor271@gmail.com,Lagos,Lagos,2024-11-19,Active
CUST0130,Obinna,Obi,obinna.obi111@gmail.com,Kano,Kano,2024-09-26,Active
CUST0131,Funmi,Musa,funmi.musa651@gmail.com,Ibadan,Oyo,2023-11-06,Active
CUST0132,Ngozi,Oluwole,ngozi.oluwole505@yahoo.com,Lagos,Lagos,2024-07-04,Active
CUST0133,Titi,Taiwo,titi.taiwo430@gmail.com,Abuja,FCT,2024-02-29,Active
CUST0134,Kola,Adeleke,kola.adeleke707@gmail.com,Kano,Kano,2023-08-30,Active
CUST0135,Fatima,Taiwo,fatima.taiwo924@gmail.com,Ibadan,Oyo,2024-02-12,Active
CUST0136,Obinna,Nnamdi,obinna.nnamdi94@gmail.com,Ibadan,Oyo,2024-09-03,Active
CUST0137,Funmi,Eze,funmi.eze806@gmail.com,Port Harcourt,Rivers,2024-07-21,Active
CUST0138,Funmi,Abubakar,funmi.abubakar793@yahoo.com,Port Harcourt,Rivers,2023-01-03,Active
CUST0139,Tobi,Nwosu,tobi.nwosu818@yahoo.com,Ibadan,Oyo,2023-01-27,Active
CUST0140,Funmi,Fagbemi,funmi.fagbemi332@yahoo.com,Port Harcourt,Rivers,2023-05-10,Active
CUST0141,Chidi,Babangida,chidi.babangida460@gmail.com,Lagos,Lagos,2023-04-22,Active
CUST0142,Ngozi,Lawal,ngozi.lawal309@gmail.com,Ibadan,Oyo,2023-03-04,Active
CUST0143,Amaka,Babangida,amaka.babangida730@gmail.com,Abuja,FCT,2023-03-24,Active
CUST0144,Kola,Okorie,kola.okorie649@gmail.com,Lagos,Lagos,2024-01-26,Active
CUST0145,Segun,Okorie,segun.okorie441@yahoo.com,Lagos,Lagos,2024-11-01,Active
CUST0146,Yemi,Adegoke,yemi.adegoke463@gmail.com,Port Harcourt,Rivers,2024-04-09,Active
CUST0147,Ibrahim,Nwosu,ibrahim.nwosu384@gmail.com,Lagos,Lagos,2024-04-30,Inactive
CUST0148,Amaka,Obi,amaka.obi832@yahoo.com,Lagos,Lagos,2024-07-29,Active
CUST0149,Fatima,Adegoke,fatima.adegoke889@gmail.com,Lagos,Lagos,2023-10-22,Active
CUST0150,Segun,Adeyemi,segun.adeyemi159@gmail.com,Lagos,Lagos,2023-04-21,Active
CUST0151,Uche,Nwosu,uche.nwosu588@yahoo.com,Abuja,FCT,2024-07-28,Active
CUST0152,Lola,Nwosu,lola.nwosu30@yahoo.com,Kano,Kano,2023-11-13,Active
CUST0154,Yemi,Chukwu,yemi.chukwu430@gmail.com,Port Harcourt,Rivers,2023-11-16,Active
CUST0155,Oluwaseun,Adeleke,oluwaseun.adeleke160@yahoo.com,Kano,Kano,2024-11-21,Active
CUST0156,Ada,Okorie,ada.okorie453@gmail.com,Kano,Kano,2024-06-08,Active
CUST0157,Lola,Fagbemi,lola.fagbemi499@gmail.com,Lagos,Lagos,2023-08-14,Active
CUST0158,Yemi,Oluwole,yemi.oluwole969@yahoo.com,Lagos,Lagos,2023-09-19,Active
CUST0159,Titi,Adegoke,titi.adegoke180@yahoo.com,Lagos,Lagos,2023-08-24,Active
CUST0160,Chidi,Chukwu,chidi.chukwu883@gmail.com,Port Harcourt,Rivers,2024-04-15,Active
CUST0161,Ayo,Chukwu,ayo.chukwu727@gmail.com,Kano,Kano,2024-02-19,Inactive
CUST0162,Dayo,Nnamdi,dayo.nnamdi852@gmail.com,Lagos,Lagos,2024-03-23,Active
CUST0163,Musa,Lawal,musa.lawal81@gmail.com,Abuja,FCT,2023-12-14,Active
CUST0164,Femi,Bello,femi.bello544@gmail.com,Lagos,Lagos,2023-12-24,Active
CUST0165,Funmi,Bello,funmi.bello150@yahoo.com,Port Harcourt,Rivers,2023-06-06,Active
CUST0166,Uche,Babangida,uche.babangida476@gmail.com,Lagos,Lagos,2024-04-04,Active
CUST0167,Dayo,Abubakar,dayo.abubakar885@gmail.com,Kano,Kano,2024-03-26,Inactive
CUST0168,Chioma,Nwosu,chioma.nwosu606@yahoo.com,Kano,Kano,2023-11-14,Active
CUST0169,Obinna,Oluwole,obinna.oluwole79@gmail.com,Lagos,Lagos,2023-04-03,Active
CUST0170,Ayo,Taiwo,ayo.taiwo978@gmail.com,Abuja,FCT,2024-04-05,Active
CUST0171,Ada,Lawal,ada.lawal155@gmail.com,Lagos,Lagos,2023-12-18,Active
CUST0172,Bisi,Adeleke,bisi.adeleke254@gmail.com,Abuja,FCT,2024-06-20,Active
CUST0173,Blessing,Oluwole,blessing.oluwole397@gmail.com,Abuja,FCT,2024-09-04,Inactive
CUST0174,Amaka,Taiwo,amaka.taiwo695@gmail.com,Lagos,Lagos,2024-11-03,Active
CUST0175,Ibrahim,Musa,ibrahim.musa597@gmail.com,Ibadan,Oyo,2023-11-14,Active
CUST0176,Gbenga,Musa,gbenga.musa318@gmail.com,Lagos,Lagos,2023-12-03,Active
CUST0177,Titi,Lawal,titi.lawal96@gmail.com,Port Harcourt,Rivers,2024-01-06,Inactive
CUST0178,Yemi,Abubakar,yemi.abubakar971@gmail.com,Lagos,Lagos,2023-05-21,Active
CUST0179,Amaka,Lawal,amaka.lawal790@gmail.com,Port Harcourt,Rivers,2024-06-23,Inactive
CUST0180,Dayo,Eze,dayo.eze612@gmail.com,Ibadan,Oyo,2024-10-01,Active
CUST0181,Ngozi,Adegoke,ngozi.adegoke374@gmail.com,Port Harcourt,Rivers,2024-03-30,Active
CUST0182,Funmi,Oluwole,funmi.oluwole989@gmail.com,Lagos,Lagos,2023-07-18,Active
CUST0183,Chukwu,Oluwole,chukwu.oluwole797@gmail.com,Ibadan,Oyo,2023-06-15,Active
CUST0184,Ngozi,Babangida,ngozi.babangida896@gmail.com,Ibadan,Oyo,2024-06-12,Active
CUST0185,Bisi,Nwosu,bisi.nwosu461@gmail.com,Lagos,Lagos,2024-03-23,Active
CUST0186,Oluwaseun,Obi,oluwaseun.obi953@yahoo.com,Port Harcourt,Rivers,2024-05-29,Active
CUST0187,Fatima,Ibrahim,fatima.ibrahim29@gmail.com,Ibadan,Oyo,2024-10-27,Active
CUST0188,Sade,Babangida,sade.babangida713@gmail.com,Lagos,Lagos,2024-04-25,Active
CUST0189,Emeka,Nwosu,emeka.nwosu221@gmail.com,Ibadan,Oyo,2024-09-15,Active
CUST0190,Funmi,Oluwole,funmi.oluwole125@yahoo.com,Port Harcourt,Rivers,2024-09-29,Active
CUST0191,Ada,Okorie,ada.okorie549@yahoo.com,Port Harcourt,Rivers,2023-09-05,Active
CUST0192,Dayo,Obi,dayo.obi247@gmail.com,Abuja,FCT,2024-11-15,Active
CUST0193,Segun,Taiwo,segun.taiwo520@gmail.com,Lagos,Lagos,2023-01-21,Active
CUST0194,Musa,Obi,musa.obi260@gmail.com,Lagos,Lagos,2023-03-11,Active
CUST0195,Amaka,Fagbemi,amaka.fagbemi753@gmail.com,Kano,Kano,2023-12-27,Active
CUST0196,Lola,Nnamdi,lola.nnamdi713@gmail.com,Port Harcourt,Rivers,2023-05-19,Inactive
CUST0197,Yemi,Adeleke,yemi.adeleke811@yahoo.com,Lagos,Lagos,2023-11-14,Active
CUST0198,Ngozi,Adeyemi,ngozi.adeyemi293@gmail.com,Abuja,FCT,2024-11-02,Active
CUST0199,Aisha,Chukwu,aisha.chukwu762@gmail.com,Port Harcourt,Rivers,2023-12-14,Active
CUST0200,Fatima,Lawal,fatima.lawal274@gmail.com,Kano,Kano,2023-03-22,Active
CUST0201,Ibrahim,Bello,ibrahim.bello82@gmail.com,Abuja,FCT,2024-04-01,Active
CUST0202,Chukwu,Obi,chukwu.obi458@yahoo.com,Lagos,Lagos,2023-12-28,Active
CUST0203,Chioma,Adeleke,chioma.adeleke77@gmail.com,Lagos,Lagos,2024-06-09,Active
CUST0204,Emeka,Eze,emeka.eze870@gmail.com,Lagos,Lagos,2023-02-05,Active
CUST0205,Fatima,Obi,fatima.obi393@gmail.com,Port Harcourt,Rivers,2023-06-07,Active
CUST0206,Uche,Musa,uche.musa588@yahoo.com,Abuja,FCT,2023-11-18,Active
CUST0207,Emeka,Okonkwo,emeka.okonkwo512@gmail.com,Ibadan,Oyo,2023-05-01,Active
CUST0208,Yemi,Okorie,yemi.okorie293@gmail.com,Port Harcourt,Rivers,2023-07-24,Active
CUST0209,Oluwaseun,Nnamdi,oluwaseun.nnamdi90@gmail.com,Abuja,FCT,2023-11-24,Active
CUST0210,Sade,Oluwole,sade.oluwole872@yahoo.com,Abuja,FCT,2024-10-15,Active
CUST0211,Amaka,Adeyemi,amaka.adeyemi812@yahoo.com,Abuja,FCT,2023-01-27,Active
CUST0212,Tobi,Eze,tobi.eze627@gmail.com,Abuja,FCT,2024-02-12,Active
CUST0213,Uche,Adegoke,uche.adegoke844@gmail.com,Abuja,FCT,2023-11-21,Active
CUST0214,Segun,Obi,segun.obi132@gmail.com,Abuja,FCT,2024-10-17,Active
CUST0215,Blessing,Adeleke,blessing.adeleke852@yahoo.com,Abuja,FCT,2023-06-18,Active
CUST0216,Segun,Oluwole,segun.oluwole867@yahoo.com,Lagos,Lagos,2024-07-18,Active
CUST0217,Tobi,Musa,tobi.musa515@gmail.com,Lagos,Lagos,2024-08-17,Active
CUST0218,Oluwaseun,Okorie,oluwaseun.okorie346@gmail.com,Kano,Kano,2023-01-30,Active
CUST0219,Uche,Fagbemi,uche.fagbemi427@gmail.com,Kano,Kano,2024-10-04,Active
CUST0220,Chioma,Chukwu,chioma.chukwu305@gmail.com,Abuja,FCT,2023-06-11,Active
CUST0221,Ibrahim,Okorie,ibrahim.okorie148@gmail.com,Abuja,FCT,2023-12-20,Active
CUST0222,Segun,Taiwo,segun.taiwo109@gmail.com,Port Harcourt,Rivers,2023-10-01,Active
CUST0223,Sade,Chukwu,sade.chukwu885@gmail.com,Lagos,Lagos,2023-06-13,Active
CUST0224,Yemi,Okonkwo,yemi.okonkwo511@gmail.com,Port Harcourt,Rivers,2023-11-12,Active
CUST0225,Segun,Nnamdi,segun.nnamdi990@yahoo.com,Ibadan,Oyo,2023-02-19,Inactive
CUST0226,Obinna,Babangida,obinna.babangida293@gmail.com,Kano,Kano,2024-03-17,Active
CUST0227,Uche,Chukwu,uche.chukwu375@yahoo.com,Port Harcourt,Rivers,2024-07-29,Active
CUST0228,Musa,Lawal,musa.lawal462@gmail.com,Lagos,Lagos,2024-09-30,Active
CUST0229,Amaka,Chukwu,amaka.chukwu383@gmail.com,Lagos,Lagos,2024-01-10,Active
CUST0230,Musa,Lawal,musa.lawal42@yahoo.com,Kano,Kano,2023-12-08,Active
CUST0231,Oluwaseun,Lawal,oluwaseun.lawal144@gmail.com,Lagos,Lagos,2023-06-16,Active
CUST0232,Sade,Fagbemi,sade.fagbemi345@gmail.com,Port Harcourt,Rivers,2024-05-16,Active
CUST0233,Emeka,Obi,emeka.obi340@gmail.com,Abuja,FCT,2024-08-20,Active
CUST0234,Kola,Fagbemi,kola.fagbemi592@yahoo.com,Kano,Kano,2024-05-06,Active
CUST0235,Lola,Ibrahim,lola.ibrahim33@gmail.com,Lagos,Lagos,2023-07-15,Inactive
CUST0236,Aisha,Adeyemi,aisha.adeyemi421@gmail.com,Abuja,FCT,2024-04-27,Active
CUST0237,Segun,Adeyemi,segun.adeyemi575@gmail.com,Port Harcourt,Rivers,2024-06-22,Active
CUST0238,Tobi,Abubakar,tobi.abubakar560@gmail.com,Abuja,FCT,2024-11-28,Active
CUST0239,Yemi,Ibrahim,yemi.ibrahim286@gmail.com,Kano,Kano,2023-11-01,Active
CUST0240,Ada,Abubakar,ada.abubakar492@gmail.com,Kano,Kano,2023-10-08,Active
CUST0241,Musa,Obi,musa.obi978@gmail.com,Ibadan,Oyo,2023-02-13,Active
CUST0242,Chukwu,Nwosu,chukwu.nwosu766@gmail.com,Lagos,Lagos,2024-07-05,Active
CUST0243,Tunde,Bello,tunde.bello631@gmail.com,Kano,Kano,2023-02-21,Active
CUST0244,Ngozi,Bello,ngozi.bello424@gmail.com,Kano,Kano,2024-11-28,Active
CUST0245,Blessing,Okonkwo,blessing.okonkwo417@gmail.com,Ibadan,Oyo,2024-05-02,Active
CUST0246,Sade,Abubakar,sade.abubakar293@gmail.com,Port Harcourt,Rivers,2023-04-02,Active
CUST0247,Titi,Adeleke,titi.adeleke936@gmail.com,Abuja,FCT,2023-06-30,Active
CUST0248,Musa,Babangida,musa.babangida191@gmail.com,Ibadan,Oyo,2023-10-24,Active
CUST0249,Dayo,Bello,dayo.bello951@gmail.com,Lagos,Lagos,2024-10-18,Active
CUST0250,Tunde,Lawal,tunde.lawal480@yahoo.com,Ibadan,Oyo,2023-12-05,Active
CUST0251,Gbenga,Okonkwo,gbenga.okonkwo15@gmail.com,Kano,Kano,2024-08-04,Active
CUST0252,Nkechi,Chukwu,nkechi.chukwu847@gmail.com,Lagos,Lagos,2024-02-15,Active
CUST0253,Ada,Abubakar,ada.abubakar959@yahoo.com,Ibadan,Oyo,2023-08-30,Active
CUST0254,Sade,Fagbemi,sade.fagbemi741@gmail.com,Ibadan,Oyo,2024-01-04,Active
CUST0255,Chukwu,Oluwole,chukwu.oluwole164@gmail.com,Kano,Kano,2023-11-15,Active
CUST0256,Funmi,Ibrahim,funmi.ibrahim981@yahoo.com,Abuja,FCT,2024-09-12,Active
CUST0257,Chioma,Adeyemi,chioma.adeyemi781@yahoo.com,Port Harcourt,Rivers,2023-03-25,Active
CUST0258,Chidi,Fagbemi,chidi.fagbemi115@yahoo.com,Port Harcourt,Rivers,2024-06-01,Active
CUST0259,Ibrahim,Lawal,ibrahim.lawal453@yahoo.com,Lagos,Lagos,2024-08-20,Active
CUST0260,Ngozi,Nnamdi,ngozi.nnamdi136@gmail.com,Abuja,FCT,2023-03-01,Active
CUST0261,Musa,Nwosu,musa.nwosu837@yahoo.com,Port Harcourt,Rivers,2023-03-16,Inactive
CUST0262,Tobi,Adeleke,tobi.adeleke958@gmail.com,Port Harcourt,Rivers,2024-04-28,Inactive
CUST0263,Tunde,Adegoke,tunde.adegoke384@gmail.com,Lagos,Lagos,2024-01-22,Active
CUST0264,Nkechi,Taiwo,nkechi.taiwo137@gmail.com,Ibadan,Oyo,2023-07-02,Active
CUST0266,Obinna,Ibrahim,obinna.ibrahim254@gmail.com,Abuja,FCT,2023-07-13,Active
CUST0267,Lola,Adegoke,lola.adegoke630@gmail.com,Lagos,Lagos,2023-01-17,Active
CUST0268,Ngozi,Nnamdi,ngozi.nnamdi613@gmail.com,Lagos,Lagos,2023-09-08,Active
CUST0269,Tobi,Adeyemi,tobi.adeyemi773@gmail.com,Abuja,FCT,2024-05-30,Active
CUST0270,Titi,Fagbemi,titi.fagbemi327@gmail.com,Port Harcourt,Rivers,2023-11-25,Active
CUST0271,Segun,Ibrahim,segun.ibrahim424@gmail.com,Ibadan,Oyo,2024-08-28,Active
CUST0272,Aisha,Taiwo,aisha.taiwo508@yahoo.com,Kano,Kano,2024-10-20,Active
CUST0273,Aisha,Eze,aisha.eze308@gmail.com,Kano,Kano,2024-04-29,Active
CUST0274,Gbenga,Eze,gbenga.eze826@gmail.com,Lagos,Lagos,2024-02-27,Active
CUST0275,Musa,Ibrahim,musa.ibrahim262@yahoo.com,Abuja,FCT,2024-04-05,Active
CUST0276,Obinna,Adeyemi,obinna.adeyemi53@yahoo.com,Abuja,FCT,2024-09-09,Inactive
CUST0277,Uche,Fagbemi,uche.fagbemi742@gmail.com,Lagos,Lagos,2023-08-02,Active
CUST0278,Blessing,Okafor,blessing.okafor217@gmail.com,Lagos,Lagos,2023-05-01,Active
CUST0279,Gbenga,Okorie,gbenga.okorie721@yahoo.com,Ibadan,Oyo,2024-07-19,Active
CUST0280,Tobi,Obi,tobi.obi316@yahoo.com,Abuja,FCT,2024-05-24,Active
CUST0281,Ibrahim,Adeyemi,ibrahim.adeyemi380@gmail.com,Port Harcourt,Rivers,2023-08-15,Active
CUST0282,Blessing,Fagbemi,blessing.fagbemi594@gmail.com,Lagos,Lagos,2023-07-20,Active
CUST0283,Funmi,Babangida,funmi.babangida564@gmail.com,Kano,Kano,2023-09-21,Active
CUST0284,Femi,Babangida,femi.babangida472@yahoo.com,Ibadan,Oyo,2023-06-23,Active
CUST0285,Oluwaseun,Taiwo,oluwaseun.taiwo658@gmail.com,Lagos,Lagos,2023-03-18,Active
CUST0286,Emeka,Adegoke,emeka.adegoke141@gmail.com,Lagos,Lagos,2023-06-04,Inactive
CUST0287,Ngozi,Okorie,ngozi.okorie654@gmail.com,Abuja,FCT,2024-05-09,Active
CUST0288,Tobi,Adegoke,tobi.adegoke13@yahoo.com,Lagos,Lagos,2024-07-02,Active
CUST0289,Gbenga,Adegoke,gbenga.adegoke826@gmail.com,Abuja,FCT,2023-04-09,Active
CUST0290,Segun,Nwosu,segun.nwosu835@gmail.com,Lagos,Lagos,2023-03-22,Active
CUST0291,Funmi,Ibrahim,funmi.ibrahim308@gmail.com,Abuja,FCT,2024-10-31,Active
CUST0292,Musa,Chukwu,musa.chukwu566@gmail.com,Lagos,Lagos,2023-06-25,Active
CUST0293,Ibrahim,Fagbemi,ibrahim.fagbemi879@gmail.com,Kano,Kano,2023-02-13,Active
CUST0294,Blessing,Musa,blessing.musa701@gmail.com,Lagos,Lagos,2024-07-31,Active
CUST0295,Ibrahim,Okafor,ibrahim.okafor985@yahoo.com,Ibadan,Oyo,2024-02-12,Active
CUST0265,Titi,Ibrahim,,Abuja,FCT,2023-11-02,Active
CUST0296,Funmi,Fagbemi,funmi.fagbemi855@gmail.com,Lagos,Lagos,2024-07-07,Active
CUST0297,Gbenga,Musa,gbenga.musa513@gmail.com,Lagos,Lagos,2023-04-11,Active
CUST0298,Uche,Okorie,uche.okorie978@gmail.com,Lagos,Lagos,2023-12-01,Inactive
CUST0299,Chukwu,Babangida,chukwu.babangida234@gmail.com,Port Harcourt,Rivers,2024-03-18,Active
CUST0300,Chidi,Okorie,chidi.okorie303@gmail.com,Kano,Kano,2023-03-26,Active
CUST0301,Femi,Eze,femi.eze758@gmail.com,Port Harcourt,Rivers,2023-04-04,Inactive
CUST0302,Uche,Nwosu,uche.nwosu105@yahoo.com,Abuja,FCT,2024-04-04,Active
CUST0303,Chidi,Obi,chidi.obi568@yahoo.com,Lagos,Lagos,2023-11-29,Active
CUST0304,Musa,Musa,musa.musa743@gmail.com,Lagos,Lagos,2023-09-06,Active
CUST0305,Bisi,Eze,bisi.eze276@gmail.com,Kano,Kano,2023-03-06,Active
CUST0306,Ada,Musa,ada.musa370@yahoo.com,Abuja,FCT,2024-10-02,Active
CUST0307,Tunde,Oluwole,tunde.oluwole7@gmail.com,Abuja,FCT,2024-09-27,Active
CUST0308,Aisha,Okorie,aisha.okorie140@gmail.com,Abuja,FCT,2023-07-25,Active
CUST0309,Ibrahim,Oluwole,ibrahim.oluwole753@gmail.com,Ibadan,Oyo,2024-08-12,Active
CUST0310,Obinna,Chukwu,obinna.chukwu374@yahoo.com,Abuja,FCT,2024-08-29,Active
CUST0311,Tobi,Okafor,tobi.okafor976@gmail.com,Kano,Kano,2023-08-03,Active
CUST0312,Chidi,Adegoke,chidi.adegoke690@gmail.com,Port Harcourt,Rivers,2023-09-05,Active
CUST0313,Chioma,Chukwu,chioma.chukwu76@gmail.com,Port Harcourt,Rivers,2024-08-19,Active
CUST0314,Nkechi,Adegoke,nkechi.adegoke557@yahoo.com,Ibadan,Oyo,2024-07-03,Active
CUST0315,Funmi,Obi,funmi.obi171@gmail.com,Lagos,Lagos,2024-10-22,Active
CUST0316,Ibrahim,Adegoke,ibrahim.adegoke109@yahoo.com,Ibadan,Oyo,2024-06-06,Active
CUST0317,Musa,Nnamdi,musa.nnamdi791@gmail.com,Abuja,FCT,2023-06-04,Active
CUST0318,Sade,Adegoke,sade.adegoke943@gmail.com,Abuja,FCT,2023-05-26,Active
CUST0319,Yemi,Lawal,yemi.lawal495@gmail.com,Abuja,FCT,2024-04-08,Active
CUST0320,Gbenga,Bello,gbenga.bello24@gmail.com,Lagos,Lagos,2024-11-24,Active
CUST0321,Bisi,Taiwo,bisi.taiwo164@gmail.com,Lagos,Lagos,2024-04-18,Active
CUST0322,Bisi,Adegoke,bisi.adegoke406@yahoo.com,Kano,Kano,2023-07-22,Active
CUST0323,Gbenga,Adeyemi,gbenga.adeyemi211@yahoo.com,Abuja,FCT,2023-03-06,Active
CUST0324,Yemi,Nnamdi,yemi.nnamdi117@yahoo.com,Abuja,FCT,2024-06-24,Active
CUST0325,Dayo,Chukwu,dayo.chukwu602@yahoo.com,Kano,Kano,2024-04-13,Active
CUST0326,Ayo,Musa,ayo.musa689@yahoo.com,Ibadan,Oyo,2023-11-09,Active
CUST0327,Segun,Chukwu,segun.chukwu429@gmail.com,Kano,Kano,2024-03-09,Active
CUST0328,Ada,Oluwole,ada.oluwole144@yahoo.com,Kano,Kano,2024-09-26,Inactive
CUST0329,Ada,Eze,ada.eze200@gmail.com,Ibadan,Oyo,2024-06-01,Active
CUST0330,Aisha,Nnamdi,aisha.nnamdi501@yahoo.com,Kano,Kano,2023-08-14,Active
CUST0331,Sade,Okonkwo,sade.okonkwo800@gmail.com,Lagos,Lagos,2024-05-22,Active
CUST0332,Kola,Taiwo,kola.taiwo844@gmail.com,Kano,Kano,2023-02-12,Active
CUST0333,Aisha,Bello,aisha.bello754@gmail.com,Abuja,FCT,2023-11-01,Active
CUST0334,Fatima,Musa,fatima.musa450@gmail.com,Abuja,FCT,2023-08-31,Active
CUST0335,Dayo,Adegoke,dayo.adegoke170@gmail.com,Ibadan,Oyo,2023-07-31,Active
CUST0336,Dayo,Taiwo,dayo.taiwo173@gmail.com,Abuja,FCT,2023-10-24,Active
CUST0337,Uche,Adegoke,uche.adegoke941@yahoo.com,Lagos,Lagos,2024-11-02,Active
CUST0338,Gbenga,Abubakar,gbenga.abubakar849@yahoo.com,Lagos,Lagos,2024-02-07,Active
CUST0339,Femi,Adegoke,femi.adegoke385@gmail.com,Kano,Kano,2023-04-06,Active
CUST0340,Oluwaseun,Obi,oluwaseun.obi466@gmail.com,Kano,Kano,2023-01-03,Active
CUST0341,Chukwu,Obi,chukwu.obi871@yahoo.com,Port Harcourt,Rivers,2023-08-12,Active
CUST0342,Ibrahim,Oluwole,ibrahim.oluwole346@gmail.com,Abuja,FCT,2024-05-11,Active
CUST0343,Femi,Nnamdi,femi.nnamdi17@yahoo.com,Lagos,Lagos,2024-03-27,Active
CUST0344,Gbenga,Eze,gbenga.eze904@gmail.com,Lagos,Lagos,2023-10-08,Active
CUST0345,Fatima,Okonkwo,fatima.okonkwo54@gmail.com,Lagos,Lagos,2023-08-28,Active
CUST0346,Emeka,Adeyemi,emeka.adeyemi489@yahoo.com,Port Harcourt,Rivers,2024-06-15,Active
CUST0347,Ibrahim,Bello,ibrahim.bello881@gmail.com,Lagos,Lagos,2023-03-14,Active
CUST0348,Amaka,Bello,amaka.bello321@gmail.com,Port Harcourt,Rivers,2024-01-27,Active
CUST0350,Femi,Eze,femi.eze942@gmail.com,Port Harcourt,Rivers,2023-08-11,Active
CUST0351,Amaka,Fagbemi,amaka.fagbemi748@gmail.com,Lagos,Lagos,2023-11-19,Active
CUST0352,Chidi,Ibrahim,chidi.ibrahim567@gmail.com,Lagos,Lagos,2023-10-19,Active
CUST0353,Nkechi,Oluwole,nkechi.oluwole211@gmail.com,Lagos,Lagos,2024-02-06,Active
CUST0354,Chioma,Ibrahim,chioma.ibrahim507@gmail.com,Port Harcourt,Rivers,2024-10-15,Active
CUST0355,Emeka,Obi,emeka.obi957@gmail.com,Ibadan,Oyo,2024-08-05,Active
CUST0356,Uche,Musa,,Port Harcourt,Rivers,2023-08-09,Inactive
CUST0357,Musa,Lawal,musa.lawal294@gmail.com,Ibadan,Oyo,2024-03-01,Active
CUST0358,Tobi,Taiwo,tobi.taiwo631@yahoo.com,Lagos,Lagos,2023-03-22,Active
CUST0359,Tunde,Taiwo,tunde.taiwo335@gmail.com,Ibadan,Oyo,2024-10-27,Active
CUST0360,Aisha,Ibrahim,aisha.ibrahim60@yahoo.com,Lagos,Lagos,2023-04-29,Active
CUST0361,Lola,Okonkwo,lola.okonkwo123@yahoo.com,Lagos,Lagos,2023-01-12,Active
CUST0362,Chioma,Nwosu,chioma.nwosu171@gmail.com,Abuja,FCT,2023-10-03,Active
CUST0363,Emeka,Abubakar,emeka.abubakar827@gmail.com,Port Harcourt,Rivers,2023-09-27,Active
CUST0364,Ada,Nnamdi,ada.nnamdi524@gmail.com,Kano,Kano,2024-08-03,Active
CUST0365,Amaka,Fagbemi,amaka.fagbemi691@gmail.com,Lagos,Lagos,2024-06-05,Inactive
CUST0366,Ada,Obi,ada.obi393@gmail.com,Lagos,Lagos,2023-02-06,Active
CUST0367,Aisha,Ibrahim,aisha.ibrahim330@yahoo.com,Port Harcourt,Rivers,2023-11-24,Active
CUST0368,Amaka,Lawal,amaka.lawal690@gmail.com,Kano,Kano,2024-06-12,Active
CUST0369,Chukwu,Oluwole,chukwu.oluwole793@gmail.com,Lagos,Lagos,2024-07-20,Active
CUST0370,Ayo,Oluwole,ayo.oluwole758@gmail.com,Lagos,Lagos,2024-08-28,Active
CUST0371,Tobi,Ibrahim,tobi.ibrahim155@yahoo.com,Port Harcourt,Rivers,2023-08-27,Active
CUST0372,Emeka,Chukwu,emeka.chukwu870@gmail.com,Ibadan,Oyo,2023-07-30,Active
CUST0373,Ngozi,Eze,ngozi.eze729@yahoo.com,Abuja,FCT,2023-08-26,Active
CUST0349,Lola,Eze,,Kano,Kano,2024-10-27,Active
CUST0374,Fatima,Nnamdi,fatima.nnamdi998@gmail.com,Port Harcourt,Rivers,2024-06-01,Active
CUST0375,Ayo,Adeleke,ayo.adeleke446@gmail.com,Lagos,Lagos,2023-10-26,Active
CUST0376,Musa,Abubakar,musa.abubakar326@gmail.com,Ibadan,Oyo,2023-07-27,Active
CUST0377,Bisi,Nnamdi,bisi.nnamdi478@gmail.com,Lagos,Lagos,2024-01-02,Active
CUST0378,Chukwu,Nwosu,chukwu.nwosu873@yahoo.com,Abuja,FCT,2023-11-08,Active
CUST0379,Nkechi,Abubakar,nkechi.abubakar152@yahoo.com,Lagos,Lagos,2023-12-31,Active
CUST0380,Kola,Okonkwo,kola.okonkwo32@gmail.com,Kano,Kano,2024-07-23,Active
CUST0381,Amaka,Eze,amaka.eze125@yahoo.com,Lagos,Lagos,2023-08-16,Active
CUST0382,Femi,Musa,femi.musa597@gmail.com,Abuja,FCT,2023-03-18,Inactive
CUST0383,Femi,Nnamdi,femi.nnamdi829@yahoo.com,Lagos,Lagos,2023-12-06,Active
CUST0384,Blessing,Fagbemi,blessing.fagbemi444@gmail.com,Lagos,Lagos,2023-01-31,Active
CUST0385,Yemi,Okonkwo,yemi.okonkwo282@yahoo.com,Lagos,Lagos,2023-02-05,Active
CUST0386,Sade,Babangida,sade.babangida422@gmail.com,Lagos,Lagos,2023-03-31,Active
CUST0387,Femi,Lawal,femi.lawal256@gmail.com,Abuja,FCT,2023-01-20,Active
CUST0388,Chioma,Babangida,chioma.babangida353@gmail.com,Abuja,FCT,2024-02-02,Active
CUST0389,Funmi,Okafor,funmi.okafor918@gmail.com,Lagos,Lagos,2024-04-28,Active
CUST0390,Bisi,Bello,bisi.bello254@gmail.com,Ibadan,Oyo,2023-02-27,Active
CUST0391,Chioma,Chukwu,chioma.chukwu364@gmail.com,Kano,Kano,2023-06-27,Active
CUST0392,Gbenga,Obi,gbenga.obi936@gmail.com,Port Harcourt,Rivers,2023-12-27,Active
CUST0393,Yemi,Babangida,yemi.babangida556@gmail.com,Lagos,Lagos,2023-04-03,Inactive
CUST0394,Segun,Babangida,segun.babangida1@gmail.com,Lagos,Lagos,2023-05-14,Active
CUST0395,Nkechi,Abubakar,nkechi.abubakar61@yahoo.com,Ibadan,Oyo,2023-05-26,Active
CUST0396,Fatima,Chukwu,fatima.chukwu601@yahoo.com,Ibadan,Oyo,2023-05-20,Active
CUST0397,Ada,Abubakar,ada.abubakar179@gmail.com,Port Harcourt,Rivers,2024-09-20,Active
CUST0398,Obinna,Okonkwo,obinna.okonkwo388@gmail.com,Kano,Kano,2023-05-11,Active
CUST0399,Ayo,Chukwu,ayo.chukwu872@gmail.com,Ibadan,Oyo,2023-02-03,Active
CUST0400,Dayo,Ibrahim,dayo.ibrahim655@gmail.com,Ibadan,Oyo,2023-05-25,Active
CUST0401,Ibrahim,Okonkwo,ibrahim.okonkwo652@gmail.com,Lagos,Lagos,2024-11-17,Active
CUST0402,Kola,Adeyemi,kola.adeyemi256@gmail.com,Abuja,FCT,2023-04-21,Active
CUST0403,Titi,Adegoke,titi.adegoke993@yahoo.com,Abuja,FCT,2024-01-23,Active
CUST0404,Ada,Fagbemi,ada.fagbemi667@gmail.com,Lagos,Lagos,2024-04-07,Inactive
CUST0405,Ibrahim,Nwosu,ibrahim.nwosu975@yahoo.com,Lagos,Lagos,2024-01-20,Active
CUST0406,Oluwaseun,Musa,oluwaseun.musa347@gmail.com,Abuja,FCT,2024-05-09,Active
CUST0407,Bisi,Okorie,bisi.okorie912@gmail.com,Ibadan,Oyo,2023-12-06,Active
CUST0408,Tobi,Taiwo,tobi.taiwo272@gmail.com,Abuja,FCT,2023-04-09,Inactive
CUST0409,Fatima,Okafor,fatima.okafor438@yahoo.com,Lagos,Lagos,2024-10-02,Active
CUST0410,Yemi,Okonkwo,yemi.okonkwo654@yahoo.com,Lagos,Lagos,2023-04-29,Active
CUST0411,Oluwaseun,Nwosu,oluwaseun.nwosu94@gmail.com,Abuja,FCT,2024-01-15,Active
CUST0412,Ngozi,Nwosu,ngozi.nwosu451@gmail.com,Lagos,Lagos,2023-10-03,Active
CUST0413,Lola,Bello,lola.bello88@gmail.com,Port Harcourt,Rivers,2024-02-28,Active
CUST0414,Ngozi,Chukwu,ngozi.chukwu839@gmail.com,Lagos,Lagos,2024-05-01,Active
CUST0415,Chidi,Chukwu,chidi.chukwu925@gmail.com,Abuja,FCT,2024-08-07,Active
CUST0416,Uche,Nnamdi,uche.nnamdi178@gmail.com,Lagos,Lagos,2023-08-05,Active
CUST0417,Chidi,Adegoke,chidi.adegoke207@gmail.com,Lagos,Lagos,2024-09-01,Active
CUST0418,Chidi,Musa,chidi.musa398@gmail.com,Ibadan,Oyo,2023-10-10,Active
CUST0419,Dayo,Fagbemi,dayo.fagbemi536@gmail.com,Port Harcourt,Rivers,2023-06-03,Active
CUST0420,Amaka,Bello,amaka.bello577@gmail.com,Kano,Kano,2024-07-02,Active
CUST0421,Femi,Babangida,femi.babangida586@gmail.com,Lagos,Lagos,2023-10-10,Active
CUST0422,Gbenga,Chukwu,gbenga.chukwu40@gmail.com,Kano,Kano,2023-09-01,Inactive
CUST0423,Oluwaseun,Obi,oluwaseun.obi21@gmail.com,Ibadan,Oyo,2023-11-15,Active
CUST0424,Lola,Bello,lola.bello996@gmail.com,Ibadan,Oyo,2024-03-29,Active
CUST0425,Aisha,Okorie,aisha.okorie662@yahoo.com,Lagos,Lagos,2024-02-21,Active
CUST0426,Obinna,Adeleke,obinna.adeleke528@gmail.com,Ibadan,Oyo,2024-06-02,Active
CUST0427,Oluwaseun,Adeyemi,oluwaseun.adeyemi858@yahoo.com,Lagos,Lagos,2023-02-21,Active
CUST0428,Fatima,Nnamdi,fatima.nnamdi518@gmail.com,Lagos,Lagos,2024-11-28,Inactive
CUST0429,Chukwu,Okonkwo,chukwu.okonkwo984@gmail.com,Abuja,FCT,2023-12-25,Active
CUST0430,Gbenga,Musa,gbenga.musa292@yahoo.com,Port Harcourt,Rivers,2024-08-08,Active
CUST0431,Femi,Ibrahim,femi.ibrahim694@yahoo.com,Ibadan,Oyo,2024-06-09,Inactive
CUST0432,Tunde,Okonkwo,tunde.okonkwo616@gmail.com,Abuja,FCT,2024-09-14,Active
CUST0433,Gbenga,Nwosu,gbenga.nwosu434@gmail.com,Port Harcourt,Rivers,2024-04-15,Active
CUST0435,Dayo,Okorie,dayo.okorie290@yahoo.com,Kano,Kano,2023-03-07,Active
CUST0436,Nkechi,Nwosu,nkechi.nwosu268@gmail.com,Kano,Kano,2024-10-29,Active
CUST0437,Funmi,Adeleke,funmi.adeleke825@gmail.com,Abuja,FCT,2024-02-18,Active
CUST0438,Femi,Babangida,femi.babangida303@yahoo.com,Port Harcourt,Rivers,2024-02-02,Active
CUST0439,Ayo,Adeyemi,ayo.adeyemi352@gmail.com,Port Harcourt,Rivers,2024-07-01,Active
CUST0440,Lola,Obi,lola.obi520@gmail.com,Ibadan,Oyo,2024-11-04,Active
CUST0441,Ada,Eze,ada.eze759@yahoo.com,Lagos,Lagos,2023-07-07,Active
CUST0442,Funmi,Obi,funmi.obi229@gmail.com,Kano,Kano,2023-12-06,Active
CUST0443,Amaka,Babangida,amaka.babangida55@gmail.com,Abuja,FCT,2024-09-27,Inactive
CUST0444,Nkechi,Chukwu,nkechi.chukwu543@yahoo.com,Abuja,FCT,2023-06-04,Active
CUST0445,Ayo,Nnamdi,ayo.nnamdi147@gmail.com,Lagos,Lagos,2023-03-24,Active
CUST0446,Ibrahim,Adeleke,ibrahim.adeleke5@gmail.com,Ibadan,Oyo,2023-06-22,Active
CUST0447,Uche,Musa,uche.musa133@gmail.com,Abuja,FCT,2024-02-18,Active
CUST0448,Ngozi,Taiwo,ngozi.taiwo205@gmail.com,Abuja,FCT,2023-11-26,Active
CUST0449,Emeka,Ibrahim,emeka.ibrahim232@gmail.com,Lagos,Lagos,2023-05-13,Active
CUST0450,Bisi,Musa,bisi.musa844@yahoo.com,Kano,Kano,2024-04-11,Active
CUST0451,Lola,Eze,lola.eze351@gmail.com,Abuja,FCT,2023-07-12,Active
CUST0434,Segun,Okorie,,Lagos,Lagos,2024-11-09,Active
CUST0452,Funmi,Eze,funmi.eze217@gmail.com,Lagos,Lagos,2023-06-23,Active
CUST0453,Ngozi,Chukwu,ngozi.chukwu898@gmail.com,Kano,Kano,2024-09-30,Inactive
CUST0454,Femi,Okafor,femi.okafor50@gmail.com,Kano,Kano,2024-01-25,Active
CUST0456,Gbenga,Eze,gbenga.eze429@gmail.com,Kano,Kano,2024-09-24,Active
CUST0457,Ada,Adeyemi,ada.adeyemi624@yahoo.com,Port Harcourt,Rivers,2024-06-19,Active
CUST0458,Sade,Okonkwo,sade.okonkwo41@gmail.com,Port Harcourt,Rivers,2024-05-07,Active
CUST0459,Chidi,Bello,chidi.bello856@gmail.com,Lagos,Lagos,2023-04-03,Active
CUST0460,Amaka,Nwosu,amaka.nwosu660@yahoo.com,Port Harcourt,Rivers,2023-10-31,Active
CUST0461,Bisi,Adeleke,bisi.adeleke873@yahoo.com,Lagos,Lagos,2023-11-17,Active
CUST0462,Uche,Adeleke,uche.adeleke10@gmail.com,Lagos,Lagos,2023-06-24,Active
CUST0463,Kola,Musa,kola.musa382@gmail.com,Ibadan,Oyo,2024-02-15,Active
CUST0464,Musa,Babangida,musa.babangida820@gmail.com,Lagos,Lagos,2023-06-20,Active
CUST0465,Nkechi,Okonkwo,nkechi.okonkwo107@gmail.com,Port Harcourt,Rivers,2024-08-05,Active
CUST0466,Uche,Obi,uche.obi627@yahoo.com,Kano,Kano,2023-05-14,Active
CUST0467,Aisha,Nnamdi,aisha.nnamdi48@yahoo.com,Lagos,Lagos,2023-01-13,Active
CUST0468,Titi,Fagbemi,titi.fagbemi742@gmail.com,Abuja,FCT,2024-11-16,Active
CUST0469,Titi,Ibrahim,titi.ibrahim494@gmail.com,Abuja,FCT,2024-01-30,Active
CUST0628,Funmi,Eze,funmi.eze52@gmail.com,Abuja,FCT,2024-04-01,Active
CUST0470,Blessing,Okonkwo,blessing.okonkwo518@gmail.com,Lagos,Lagos,2023-06-19,Inactive
CUST0471,Ibrahim,Nwosu,ibrahim.nwosu52@gmail.com,Lagos,Lagos,2024-01-23,Active
CUST0472,Chukwu,Fagbemi,chukwu.fagbemi459@yahoo.com,Lagos,Lagos,2023-11-20,Active
CUST0473,Emeka,Bello,emeka.bello414@gmail.com,Port Harcourt,Rivers,2023-01-01,Active
CUST0474,Femi,Oluwole,femi.oluwole912@gmail.com,Ibadan,Oyo,2024-11-18,Active
CUST0475,Ngozi,Ibrahim,ngozi.ibrahim865@gmail.com,Abuja,FCT,2024-09-26,Active
CUST0477,Fatima,Bello,fatima.bello47@gmail.com,Abuja,FCT,2024-02-24,Active
CUST0478,Blessing,Chukwu,blessing.chukwu221@gmail.com,Lagos,Lagos,2023-12-13,Active
CUST0479,Femi,Fagbemi,femi.fagbemi127@gmail.com,Lagos,Lagos,2024-11-05,Active
CUST0480,Ada,Okafor,ada.okafor544@gmail.com,Lagos,Lagos,2024-03-19,Active
CUST0481,Uche,Okonkwo,uche.okonkwo709@gmail.com,Ibadan,Oyo,2023-05-12,Active
CUST0482,Musa,Adegoke,musa.adegoke624@gmail.com,Abuja,FCT,2023-10-08,Active
CUST0483,Chukwu,Eze,chukwu.eze142@gmail.com,Ibadan,Oyo,2024-06-08,Active
CUST0484,Blessing,Taiwo,blessing.taiwo648@yahoo.com,Port Harcourt,Rivers,2023-10-25,Active
CUST0485,Femi,Okonkwo,femi.okonkwo516@gmail.com,Ibadan,Oyo,2023-04-29,Active
CUST0486,Lola,Adegoke,lola.adegoke691@gmail.com,Kano,Kano,2023-10-20,Active
CUST0487,Segun,Bello,segun.bello26@gmail.com,Port Harcourt,Rivers,2023-02-27,Active
CUST0488,Lola,Nwosu,lola.nwosu150@gmail.com,Ibadan,Oyo,2023-10-30,Active
CUST0489,Chukwu,Bello,chukwu.bello631@gmail.com,Abuja,FCT,2023-08-18,Active
CUST0490,Chioma,Oluwole,chioma.oluwole710@gmail.com,Lagos,Lagos,2024-02-01,Active
CUST0491,Tobi,Adeleke,tobi.adeleke14@gmail.com,Lagos,Lagos,2024-03-29,Active
CUST0492,Femi,Obi,femi.obi774@gmail.com,Port Harcourt,Rivers,2023-07-21,Active
CUST0493,Bisi,Musa,bisi.musa192@gmail.com,Lagos,Lagos,2023-05-03,Active
CUST0494,Kola,Eze,kola.eze165@gmail.com,Lagos,Lagos,2023-12-05,Active
CUST0495,Blessing,Abubakar,blessing.abubakar612@yahoo.com,Lagos,Lagos,2024-09-22,Active
CUST0496,Ayo,Taiwo,ayo.taiwo367@yahoo.com,Abuja,FCT,2024-06-22,Active
CUST0497,Chioma,Lawal,chioma.lawal164@gmail.com,Abuja,FCT,2023-04-05,Active
CUST0498,Ibrahim,Obi,ibrahim.obi301@yahoo.com,Kano,Kano,2024-06-27,Active
CUST0499,Fatima,Nnamdi,fatima.nnamdi247@gmail.com,Lagos,Lagos,2024-09-28,Active
CUST0500,Ibrahim,Chukwu,ibrahim.chukwu938@gmail.com,Kano,Kano,2023-09-20,Active
CUST0501,Segun,Obi,segun.obi527@gmail.com,Lagos,Lagos,2023-02-14,Active
CUST0502,Segun,Musa,segun.musa971@yahoo.com,Lagos,Lagos,2024-07-04,Active
CUST0503,Lola,Adeyemi,lola.adeyemi886@gmail.com,Lagos,Lagos,2023-07-30,Active
CUST0504,Titi,Adegoke,titi.adegoke663@gmail.com,Ibadan,Oyo,2023-06-07,Inactive
CUST0505,Chidi,Adeleke,chidi.adeleke183@gmail.com,Lagos,Lagos,2024-08-11,Active
CUST0506,Chukwu,Chukwu,chukwu.chukwu444@gmail.com,Abuja,FCT,2023-05-02,Active
CUST0507,Ayo,Adeleke,ayo.adeleke718@gmail.com,Port Harcourt,Rivers,2024-05-29,Active
CUST0508,Sade,Nnamdi,sade.nnamdi391@gmail.com,Kano,Kano,2024-04-30,Active
CUST0509,Musa,Taiwo,musa.taiwo303@gmail.com,Lagos,Lagos,2024-11-24,Active
CUST0510,Emeka,Taiwo,emeka.taiwo896@gmail.com,Kano,Kano,2023-01-06,Active
CUST0511,Chidi,Oluwole,chidi.oluwole216@gmail.com,Abuja,FCT,2023-12-19,Active
CUST0512,Funmi,Okorie,funmi.okorie855@yahoo.com,Lagos,Lagos,2024-11-18,Active
CUST0513,Blessing,Taiwo,blessing.taiwo473@gmail.com,Ibadan,Oyo,2024-11-18,Inactive
CUST0514,Ayo,Babangida,ayo.babangida975@gmail.com,Lagos,Lagos,2024-11-02,Active
CUST0515,Oluwaseun,Adeyemi,oluwaseun.adeyemi326@gmail.com,Kano,Kano,2024-11-06,Active
CUST0516,Fatima,Abubakar,,Kano,Kano,2023-09-10,Active
CUST0517,Fatima,Eze,fatima.eze696@gmail.com,Lagos,Lagos,2024-04-18,Active
CUST0518,Amaka,Okonkwo,amaka.okonkwo662@gmail.com,Abuja,FCT,2023-05-24,Active
CUST0519,Oluwaseun,Musa,,Lagos,Lagos,2024-06-03,Active
CUST0520,Uche,Fagbemi,uche.fagbemi218@gmail.com,Kano,Kano,2024-07-10,Active
CUST0521,Tunde,Obi,tunde.obi402@yahoo.com,Kano,Kano,2023-10-25,Active
CUST0522,Segun,Okafor,segun.okafor679@yahoo.com,Abuja,FCT,2024-09-20,Active
CUST0523,Bisi,Fagbemi,bisi.fagbemi972@gmail.com,Abuja,FCT,2023-05-30,Active
CUST0524,Ngozi,Ibrahim,ngozi.ibrahim780@gmail.com,Ibadan,Oyo,2024-01-14,Active
CUST0525,Chioma,Obi,chioma.obi398@gmail.com,Abuja,FCT,2023-02-17,Inactive
CUST0526,Segun,Nwosu,segun.nwosu855@gmail.com,Lagos,Lagos,2024-08-06,Active
CUST0527,Ayo,Musa,ayo.musa530@yahoo.com,Abuja,FCT,2023-08-17,Active
CUST0528,Fatima,Babangida,fatima.babangida812@gmail.com,Port Harcourt,Rivers,2024-05-28,Active
CUST0529,Chidi,Lawal,chidi.lawal659@yahoo.com,Lagos,Lagos,2023-06-11,Active
CUST0530,Lola,Ibrahim,lola.ibrahim425@gmail.com,Port Harcourt,Rivers,2024-05-08,Active
CUST0531,Bisi,Adegoke,bisi.adegoke23@yahoo.com,Lagos,Lagos,2024-08-29,Active
CUST0532,Oluwaseun,Fagbemi,oluwaseun.fagbemi151@yahoo.com,Abuja,FCT,2023-07-04,Active
CUST0533,Ayo,Okafor,ayo.okafor900@gmail.com,Kano,Kano,2023-10-18,Active
CUST0534,Ada,Babangida,ada.babangida175@yahoo.com,Abuja,FCT,2023-05-27,Active
CUST0535,Segun,Nwosu,segun.nwosu172@gmail.com,Kano,Kano,2024-04-09,Active
CUST0536,Musa,Eze,musa.eze112@yahoo.com,Lagos,Lagos,2024-05-31,Active
CUST0537,Bisi,Babangida,bisi.babangida924@gmail.com,Kano,Kano,2024-06-28,Active
CUST0538,Lola,Eze,lola.eze924@gmail.com,Lagos,Lagos,2024-11-25,Active
CUST0539,Nkechi,Adeleke,nkechi.adeleke715@gmail.com,Abuja,FCT,2024-05-08,Active
CUST0540,Chioma,Fagbemi,chioma.fagbemi101@gmail.com,Abuja,FCT,2023-08-27,Active
CUST0541,Oluwaseun,Taiwo,,Lagos,Lagos,2023-01-08,Active
CUST0542,Musa,Adeyemi,musa.adeyemi705@gmail.com,Abuja,FCT,2023-04-20,Active
CUST0543,Tobi,Adegoke,tobi.adegoke579@gmail.com,Lagos,Lagos,2024-11-27,Active
CUST0544,Chioma,Taiwo,chioma.taiwo495@yahoo.com,Abuja,FCT,2024-05-10,Active
CUST0545,Uche,Chukwu,uche.chukwu754@yahoo.com,Kano,Kano,2023-05-02,Active
CUST0546,Bisi,Bello,bisi.bello220@gmail.com,Port Harcourt,Rivers,2024-07-17,Active
CUST0547,Femi,Okafor,femi.okafor824@yahoo.com,Lagos,Lagos,2024-09-06,Active
CUST0548,Fatima,Musa,fatima.musa624@yahoo.com,Lagos,Lagos,2024-02-15,Active
CUST0549,Dayo,Adeleke,dayo.adeleke969@gmail.com,Lagos,Lagos,2024-05-21,Active
CUST0550,Blessing,Lawal,blessing.lawal293@yahoo.com,Ibadan,Oyo,2024-06-06,Active
CUST0552,Fatima,Chukwu,fatima.chukwu416@gmail.com,Port Harcourt,Rivers,2023-03-12,Active
CUST0553,Obinna,Taiwo,obinna.taiwo937@gmail.com,Lagos,Lagos,2023-10-11,Active
CUST0554,Musa,Fagbemi,musa.fagbemi5@yahoo.com,Abuja,FCT,2023-04-20,Active
CUST0555,Amaka,Lawal,amaka.lawal980@yahoo.com,Lagos,Lagos,2024-08-11,Active
CUST0556,Ayo,Babangida,ayo.babangida789@yahoo.com,Ibadan,Oyo,2024-04-14,Active
CUST0557,Kola,Musa,kola.musa392@gmail.com,Abuja,FCT,2024-11-24,Active
CUST0558,Fatima,Lawal,fatima.lawal549@yahoo.com,Abuja,FCT,2023-09-12,Active
CUST0559,Obinna,Abubakar,obinna.abubakar78@gmail.com,Kano,Kano,2023-11-18,Active
CUST0560,Titi,Adeyemi,titi.adeyemi511@gmail.com,Lagos,Lagos,2023-09-05,Active
CUST0561,Obinna,Ibrahim,obinna.ibrahim857@gmail.com,Lagos,Lagos,2023-04-20,Active
CUST0562,Lola,Babangida,lola.babangida629@yahoo.com,Kano,Kano,2023-02-13,Active
CUST0563,Ada,Fagbemi,ada.fagbemi890@yahoo.com,Kano,Kano,2024-06-07,Active
CUST0564,Tunde,Adeleke,tunde.adeleke539@gmail.com,Port Harcourt,Rivers,2024-07-07,Inactive
CUST0565,Lola,Okonkwo,lola.okonkwo469@gmail.com,Abuja,FCT,2024-04-16,Active
CUST0566,Yemi,Chukwu,yemi.chukwu595@yahoo.com,Lagos,Lagos,2023-09-23,Active
CUST0567,Ada,Okorie,ada.okorie352@gmail.com,Lagos,Lagos,2023-08-04,Active
CUST0568,Musa,Nwosu,musa.nwosu462@yahoo.com,Abuja,FCT,2024-08-12,Active
CUST0569,Chioma,Ibrahim,chioma.ibrahim569@gmail.com,Port Harcourt,Rivers,2023-05-30,Active
CUST0570,Emeka,Okonkwo,emeka.okonkwo432@gmail.com,Abuja,FCT,2024-10-07,Active
CUST0571,Sade,Nwosu,sade.nwosu576@gmail.com,Port Harcourt,Rivers,2023-04-12,Active
CUST0572,Kola,Babangida,kola.babangida860@gmail.com,Lagos,Lagos,2023-12-09,Active
CUST0573,Blessing,Nwosu,blessing.nwosu353@yahoo.com,Kano,Kano,2024-11-26,Active
CUST0574,Femi,Taiwo,femi.taiwo179@gmail.com,Kano,Kano,2023-11-29,Active
CUST0575,Chukwu,Musa,chukwu.musa391@gmail.com,Port Harcourt,Rivers,2023-05-29,Active
CUST0576,Dayo,Fagbemi,dayo.fagbemi415@gmail.com,Abuja,FCT,2023-06-15,Active
CUST0577,Sade,Nwosu,sade.nwosu620@gmail.com,Lagos,Lagos,2024-03-31,Active
CUST0578,Segun,Nnamdi,segun.nnamdi424@yahoo.com,Port Harcourt,Rivers,2023-05-09,Active
CUST0579,Gbenga,Musa,gbenga.musa216@yahoo.com,Ibadan,Oyo,2023-03-07,Active
CUST0580,Emeka,Chukwu,emeka.chukwu537@gmail.com,Abuja,FCT,2023-09-26,Active
CUST0581,Oluwaseun,Chukwu,oluwaseun.chukwu317@yahoo.com,Kano,Kano,2024-03-29,Active
CUST0582,Bisi,Okafor,bisi.okafor36@gmail.com,Abuja,FCT,2023-11-30,Active
CUST0583,Tobi,Nwosu,tobi.nwosu562@gmail.com,Ibadan,Oyo,2024-07-06,Active
CUST0584,Femi,Fagbemi,femi.fagbemi446@gmail.com,Kano,Kano,2023-11-14,Active
CUST0585,Chioma,Musa,chioma.musa453@gmail.com,Abuja,FCT,2023-06-09,Active
CUST0586,Uche,Eze,uche.eze353@yahoo.com,Abuja,FCT,2024-05-18,Active
CUST0587,Uche,Adegoke,uche.adegoke818@yahoo.com,Lagos,Lagos,2023-01-08,Active
CUST0588,Tobi,Adegoke,tobi.adegoke405@yahoo.com,Abuja,FCT,2024-10-23,Active
CUST0589,Chidi,Adegoke,chidi.adegoke641@yahoo.com,Lagos,Lagos,2024-09-19,Active
CUST0590,Femi,Taiwo,femi.taiwo829@yahoo.com,Lagos,Lagos,2023-03-12,Active
CUST0591,Chukwu,Okorie,chukwu.okorie464@yahoo.com,Lagos,Lagos,2023-07-12,Active
CUST0592,Tobi,Okafor,tobi.okafor191@gmail.com,Lagos,Lagos,2023-05-09,Active
CUST0593,Chidi,Eze,chidi.eze16@gmail.com,Lagos,Lagos,2023-11-16,Active
CUST0594,Chukwu,Adeleke,chukwu.adeleke339@yahoo.com,Ibadan,Oyo,2023-05-30,Inactive
CUST0595,Ada,Okonkwo,ada.okonkwo197@gmail.com,Lagos,Lagos,2024-01-26,Active
CUST0596,Gbenga,Ibrahim,gbenga.ibrahim395@gmail.com,Ibadan,Oyo,2023-02-04,Active
CUST0597,Yemi,Babangida,yemi.babangida399@gmail.com,Abuja,FCT,2023-11-27,Active
CUST0598,Tobi,Lawal,tobi.lawal126@yahoo.com,Port Harcourt,Rivers,2023-07-23,Active
CUST0599,Yemi,Bello,yemi.bello242@gmail.com,Ibadan,Oyo,2023-06-21,Active
CUST0600,Funmi,Okafor,funmi.okafor993@yahoo.com,Abuja,FCT,2024-05-01,Active
CUST0601,Chidi,Ibrahim,chidi.ibrahim162@gmail.com,Abuja,FCT,2023-12-13,Active
CUST0603,Uche,Obi,uche.obi825@gmail.com,Port Harcourt,Rivers,2023-01-22,Active
CUST0604,Kola,Adeleke,kola.adeleke497@gmail.com,Port Harcourt,Rivers,2024-07-09,Active
CUST0605,Tobi,Obi,tobi.obi332@gmail.com,Kano,Kano,2024-09-05,Active
CUST0606,Tunde,Nnamdi,tunde.nnamdi303@gmail.com,Lagos,Lagos,2024-04-09,Inactive
CUST0607,Titi,Okonkwo,titi.okonkwo905@yahoo.com,Abuja,FCT,2024-09-27,Active
CUST0608,Tobi,Chukwu,tobi.chukwu195@gmail.com,Kano,Kano,2024-07-18,Active
CUST0609,Femi,Abubakar,femi.abubakar114@yahoo.com,Lagos,Lagos,2023-02-14,Active
CUST0610,Ngozi,Adeyemi,ngozi.adeyemi110@gmail.com,Lagos,Lagos,2024-08-07,Active
CUST0611,Segun,Okorie,segun.okorie719@gmail.com,Kano,Kano,2023-08-15,Active
CUST0612,Blessing,Adeyemi,blessing.adeyemi672@gmail.com,Lagos,Lagos,2023-03-23,Active
CUST0613,Tobi,Adegoke,tobi.adegoke842@gmail.com,Lagos,Lagos,2024-09-23,Active
CUST0614,Obinna,Oluwole,obinna.oluwole80@gmail.com,Port Harcourt,Rivers,2023-04-10,Active
CUST0615,Yemi,Adeyemi,yemi.adeyemi539@gmail.com,Abuja,FCT,2023-07-03,Active
CUST0616,Uche,Fagbemi,uche.fagbemi367@gmail.com,Port Harcourt,Rivers,2024-03-13,Active
CUST0617,Tobi,Chukwu,tobi.chukwu517@gmail.com,Port Harcourt,Rivers,2024-09-06,Active
CUST0618,Tobi,Abubakar,tobi.abubakar866@gmail.com,Ibadan,Oyo,2024-03-16,Active
CUST0619,Ayo,Taiwo,ayo.taiwo220@gmail.com,Kano,Kano,2023-09-18,Active
CUST0620,Musa,Okafor,musa.okafor744@yahoo.com,Abuja,FCT,2023-01-17,Active
CUST0621,Funmi,Adeyemi,funmi.adeyemi877@gmail.com,Lagos,Lagos,2023-10-10,Active
CUST0622,Blessing,Fagbemi,blessing.fagbemi159@yahoo.com,Kano,Kano,2023-06-09,Active
CUST0623,Funmi,Ibrahim,funmi.ibrahim263@gmail.com,Ibadan,Oyo,2024-02-14,Active
CUST0624,Titi,Abubakar,titi.abubakar812@gmail.com,Port Harcourt,Rivers,2024-08-13,Active
CUST0625,Sade,Adeleke,sade.adeleke749@gmail.com,Kano,Kano,2023-02-27,Active
CUST0626,Obinna,Adegoke,obinna.adegoke427@gmail.com,Lagos,Lagos,2023-08-21,Active
CUST0627,Femi,Chukwu,femi.chukwu56@gmail.com,Ibadan,Oyo,2024-07-06,Active
CUST0629,Sade,Chukwu,sade.chukwu152@yahoo.com,Lagos,Lagos,2024-08-08,Active
CUST0630,Chidi,Chukwu,chidi.chukwu514@gmail.com,Abuja,FCT,2023-05-19,Active
CUST0631,Femi,Fagbemi,femi.fagbemi201@gmail.com,Abuja,FCT,2024-06-20,Active
CUST0632,Aisha,Abubakar,aisha.abubakar702@gmail.com,Lagos,Lagos,2024-11-18,Active
CUST0633,Ibrahim,Obi,ibrahim.obi609@gmail.com,Lagos,Lagos,2023-06-23,Active
CUST0634,Chioma,Nnamdi,chioma.nnamdi639@yahoo.com,Port Harcourt,Rivers,2023-08-28,Active
CUST0635,Titi,Musa,titi.musa116@gmail.com,Lagos,Lagos,2024-09-27,Active
CUST0636,Gbenga,Bello,,Lagos,Lagos,2023-08-03,Active
CUST0637,Segun,Nwosu,segun.nwosu562@gmail.com,Lagos,Lagos,2023-05-25,Active
CUST0638,Ayo,Lawal,ayo.lawal45@yahoo.com,Lagos,Lagos,2023-07-25,Active
CUST0639,Chukwu,Okafor,chukwu.okafor69@gmail.com,Lagos,Lagos,2024-11-06,Active
CUST0640,Nkechi,Chukwu,nkechi.chukwu237@gmail.com,Lagos,Lagos,2023-04-12,Active
CUST0641,Tobi,Musa,tobi.musa191@yahoo.com,Ibadan,Oyo,2024-07-28,Active
CUST0642,Blessing,Lawal,blessing.lawal313@gmail.com,Lagos,Lagos,2023-06-10,Inactive
CUST0643,Femi,Oluwole,femi.oluwole242@gmail.com,Abuja,FCT,2023-10-10,Active
CUST0644,Oluwaseun,Okafor,oluwaseun.okafor967@gmail.com,Ibadan,Oyo,2023-06-05,Active
CUST0645,Chidi,Chukwu,chidi.chukwu534@gmail.com,Kano,Kano,2024-10-02,Active
CUST0646,Tunde,Adegoke,tunde.adegoke994@gmail.com,Lagos,Lagos,2024-04-04,Active
CUST0647,Ayo,Taiwo,ayo.taiwo701@gmail.com,Kano,Kano,2023-11-13,Active
CUST0648,Blessing,Eze,blessing.eze672@gmail.com,Abuja,FCT,2023-11-22,Inactive
CUST0649,Obinna,Eze,obinna.eze745@yahoo.com,Lagos,Lagos,2024-02-28,Active
CUST0650,Blessing,Nwosu,blessing.nwosu156@gmail.com,Abuja,FCT,2023-07-09,Inactive
CUST0651,Dayo,Ibrahim,dayo.ibrahim611@yahoo.com,Kano,Kano,2024-01-03,Inactive
CUST0652,Nkechi,Okorie,nkechi.okorie481@gmail.com,Lagos,Lagos,2024-02-01,Active
CUST0653,Funmi,Adeleke,,Lagos,Lagos,2023-10-04,Active
CUST0654,Yemi,Adeyemi,yemi.adeyemi68@yahoo.com,Port Harcourt,Rivers,2024-03-25,Active
CUST0655,Nkechi,Nnamdi,nkechi.nnamdi909@yahoo.com,Kano,Kano,2023-02-12,Active
CUST0656,Musa,Okorie,musa.okorie962@gmail.com,Port Harcourt,Rivers,2024-06-21,Active
CUST0657,Chukwu,Nnamdi,chukwu.nnamdi847@gmail.com,Abuja,FCT,2023-09-09,Active
CUST0658,Ngozi,Taiwo,ngozi.taiwo397@gmail.com,Ibadan,Oyo,2023-02-20,Active
CUST0659,Sade,Oluwole,sade.oluwole473@yahoo.com,Abuja,FCT,2023-02-25,Active
CUST0660,Femi,Nnamdi,femi.nnamdi93@gmail.com,Abuja,FCT,2024-08-22,Active
CUST0661,Ibrahim,Nnamdi,ibrahim.nnamdi26@yahoo.com,Abuja,FCT,2023-07-26,Active
CUST0662,Gbenga,Okonkwo,gbenga.okonkwo736@gmail.com,Lagos,Lagos,2024-04-05,Active
CUST0663,Musa,Lawal,musa.lawal627@gmail.com,Abuja,FCT,2024-01-25,Inactive
CUST0664,Ayo,Eze,ayo.eze167@gmail.com,Ibadan,Oyo,2023-02-22,Active
CUST0665,Chukwu,Oluwole,chukwu.oluwole642@yahoo.com,Port Harcourt,Rivers,2023-07-27,Inactive
CUST0666,Ada,Babangida,ada.babangida557@gmail.com,Lagos,Lagos,2024-05-20,Active
CUST0667,Chukwu,Adegoke,chukwu.adegoke453@yahoo.com,Kano,Kano,2023-09-08,Active
CUST0668,Tobi,Adeyemi,tobi.adeyemi51@yahoo.com,Kano,Kano,2023-12-24,Inactive
CUST0669,Obinna,Okorie,obinna.okorie306@gmail.com,Kano,Kano,2023-04-22,Active
CUST0670,Sade,Okorie,sade.okorie677@gmail.com,Lagos,Lagos,2024-07-29,Active
CUST0671,Fatima,Adeleke,fatima.adeleke96@gmail.com,Port Harcourt,Rivers,2024-01-24,Active
CUST0672,Chidi,Oluwole,chidi.oluwole483@yahoo.com,Port Harcourt,Rivers,2023-10-09,Active
CUST0673,Gbenga,Adeyemi,gbenga.adeyemi627@yahoo.com,Abuja,FCT,2024-10-06,Active
CUST0674,Gbenga,Okorie,gbenga.okorie957@gmail.com,Abuja,FCT,2024-03-13,Active
CUST0675,Ayo,Okorie,ayo.okorie363@gmail.com,Lagos,Lagos,2024-05-23,Active
CUST0676,Chioma,Okonkwo,chioma.okonkwo905@gmail.com,Abuja,FCT,2023-07-18,Inactive
CUST0677,Chioma,Bello,chioma.bello756@gmail.com,Abuja,FCT,2024-02-29,Active
CUST0678,Chioma,Adeyemi,chioma.adeyemi12@gmail.com,Lagos,Lagos,2023-09-18,Active
CUST0679,Tobi,Abubakar,tobi.abubakar786@yahoo.com,Lagos,Lagos,2023-12-16,Active
CUST0680,Emeka,Okonkwo,emeka.okonkwo199@gmail.com,Kano,Kano,2024-11-19,Active
CUST0681,Femi,Eze,femi.eze494@yahoo.com,Port Harcourt,Rivers,2024-07-03,Active
CUST0682,Aisha,Adeleke,aisha.adeleke856@gmail.com,Port Harcourt,Rivers,2024-11-25,Active
CUST0683,Ayo,Abubakar,ayo.abubakar819@gmail.com,Lagos,Lagos,2023-03-09,Active
CUST0684,Ibrahim,Chukwu,ibrahim.chukwu642@gmail.com,Port Harcourt,Rivers,2024-09-12,Active
CUST0685,Chioma,Oluwole,chioma.oluwole723@gmail.com,Lagos,Lagos,2023-10-06,Active
CUST0686,Fatima,Nnamdi,fatima.nnamdi850@gmail.com,Ibadan,Oyo,2023-11-06,Active
CUST0687,Uche,Adeyemi,uche.adeyemi936@yahoo.com,Port Harcourt,Rivers,2024-05-09,Active
CUST0688,Blessing,Babangida,blessing.babangida751@gmail.com,Lagos,Lagos,2023-12-02,Active
CUST0689,Segun,Eze,segun.eze211@gmail.com,Port Harcourt,Rivers,2024-06-18,Active
CUST0690,Lola,Okorie,lola.okorie893@yahoo.com,Ibadan,Oyo,2023-02-17,Active
CUST0691,Uche,Oluwole,uche.oluwole655@gmail.com,Lagos,Lagos,2023-07-17,Active
CUST0692,Chukwu,Bello,chukwu.bello280@yahoo.com,Lagos,Lagos,2023-01-16,Active
CUST0693,Yemi,Taiwo,yemi.taiwo359@gmail.com,Abuja,FCT,2023-10-18,Active
CUST0694,Dayo,Abubakar,dayo.abubakar554@gmail.com,Lagos,Lagos,2024-04-27,Active
CUST0695,Ngozi,Musa,ngozi.musa437@gmail.com,Lagos,Lagos,2024-08-29,Active
CUST0696,Dayo,Obi,dayo.obi320@gmail.com,Kano,Kano,2024-11-17,Active
CUST0697,Uche,Nnamdi,uche.nnamdi582@yahoo.com,Ibadan,Oyo,2024-04-24,Active
CUST0698,Gbenga,Nnamdi,gbenga.nnamdi482@yahoo.com,Kano,Kano,2024-09-23,Active
CUST0699,Gbenga,Abubakar,gbenga.abubakar808@gmail.com,Abuja,FCT,2024-05-14,Inactive
CUST0700,Ada,Nnamdi,ada.nnamdi867@yahoo.com,Lagos,Lagos,2024-09-10,Active
CUST0701,Obinna,Bello,obinna.bello334@gmail.com,Lagos,Lagos,2023-11-06,Active
CUST0702,Funmi,Okorie,funmi.okorie250@gmail.com,Kano,Kano,2024-01-29,Inactive
CUST0703,Ayo,Adegoke,ayo.adegoke804@gmail.com,Port Harcourt,Rivers,2023-12-17,Active
CUST0704,Lola,Musa,lola.musa758@gmail.com,Lagos,Lagos,2024-05-13,Active
CUST0705,Tobi,Bello,tobi.bello842@gmail.com,Abuja,FCT,2024-02-20,Inactive
CUST0706,Dayo,Chukwu,dayo.chukwu336@gmail.com,Kano,Kano,2023-04-03,Active
CUST0707,Oluwaseun,Okafor,oluwaseun.okafor776@yahoo.com,Ibadan,Oyo,2024-06-28,Active
CUST0708,Lola,Abubakar,lola.abubakar307@gmail.com,Lagos,Lagos,2023-11-08,Active
CUST0709,Blessing,Obi,blessing.obi92@gmail.com,Port Harcourt,Rivers,2024-06-06,Active
CUST0710,Ngozi,Obi,ngozi.obi923@gmail.com,Ibadan,Oyo,2024-07-27,Active
CUST0711,Sade,Okafor,sade.okafor241@gmail.com,Lagos,Lagos,2024-10-02,Active
CUST0712,Aisha,Taiwo,aisha.taiwo217@gmail.com,Abuja,FCT,2023-07-12,Active
CUST0713,Tunde,Oluwole,tunde.oluwole894@gmail.com,Port Harcourt,Rivers,2023-03-15,Active
CUST0714,Ada,Adegoke,ada.adegoke999@gmail.com,Port Harcourt,Rivers,2024-10-19,Active
CUST0715,Gbenga,Okorie,gbenga.okorie953@gmail.com,Ibadan,Oyo,2024-06-05,Active
CUST0716,Funmi,Okonkwo,funmi.okonkwo435@gmail.com,Abuja,FCT,2023-08-31,Active
CUST0717,Tobi,Fagbemi,tobi.fagbemi376@yahoo.com,Abuja,FCT,2024-05-09,Active
CUST0718,Gbenga,Musa,gbenga.musa146@gmail.com,Kano,Kano,2023-10-14,Active
CUST0719,Dayo,Musa,dayo.musa252@gmail.com,Abuja,FCT,2024-11-15,Inactive
CUST0720,Oluwaseun,Abubakar,oluwaseun.abubakar548@gmail.com,Kano,Kano,2024-06-08,Active
CUST0721,Chioma,Oluwole,chioma.oluwole297@yahoo.com,Abuja,FCT,2024-09-03,Active
CUST0722,Ada,Fagbemi,ada.fagbemi174@gmail.com,Lagos,Lagos,2023-10-26,Active
CUST0723,Ada,Musa,ada.musa130@gmail.com,Lagos,Lagos,2023-10-12,Active
CUST0724,Nkechi,Nwosu,nkechi.nwosu15@gmail.com,Lagos,Lagos,2024-08-28,Active
CUST0725,Chioma,Okonkwo,chioma.okonkwo268@gmail.com,Abuja,FCT,2023-07-05,Active
CUST0726,Chidi,Eze,chidi.eze610@gmail.com,Lagos,Lagos,2024-05-22,Active
CUST0727,Funmi,Nnamdi,funmi.nnamdi744@gmail.com,Port Harcourt,Rivers,2023-12-20,Inactive
CUST0153,Nkechi,Eze,nkechi.eze580@gmail.com,Lagos,Lagos,2024-10-10,Active
CUST0728,Amaka,Adeleke,amaka.adeleke172@gmail.com,Port Harcourt,Rivers,2024-05-02,Active
CUST0729,Lola,Chukwu,lola.chukwu486@yahoo.com,Lagos,Lagos,2024-03-21,Inactive
CUST0730,Ibrahim,Lawal,ibrahim.lawal700@gmail.com,Abuja,FCT,2024-06-28,Active
CUST0731,Femi,Nwosu,femi.nwosu344@yahoo.com,Kano,Kano,2023-09-19,Active
CUST0732,Lola,Ibrahim,lola.ibrahim752@gmail.com,Abuja,FCT,2024-06-16,Active
CUST0733,Emeka,Okafor,emeka.okafor852@yahoo.com,Lagos,Lagos,2024-06-21,Active
CUST0735,Femi,Bello,femi.bello726@gmail.com,Ibadan,Oyo,2024-09-11,Active
CUST0736,Gbenga,Okonkwo,gbenga.okonkwo260@yahoo.com,Ibadan,Oyo,2023-03-19,Active
CUST0737,Gbenga,Abubakar,gbenga.abubakar264@yahoo.com,Port Harcourt,Rivers,2023-03-05,Active
CUST0738,Kola,Nwosu,kola.nwosu183@gmail.com,Ibadan,Oyo,2023-07-25,Active
CUST0739,Amaka,Eze,amaka.eze554@gmail.com,Kano,Kano,2024-10-20,Active
CUST0740,Amaka,Adeleke,amaka.adeleke75@yahoo.com,Port Harcourt,Rivers,2024-04-01,Inactive
CUST0741,Femi,Okafor,femi.okafor956@yahoo.com,Lagos,Lagos,2023-06-05,Active
CUST0742,Segun,Babangida,segun.babangida490@gmail.com,Kano,Kano,2023-03-13,Active
CUST0743,Gbenga,Babangida,gbenga.babangida125@gmail.com,Abuja,FCT,2024-01-03,Active
CUST0744,Femi,Musa,femi.musa375@gmail.com,Abuja,FCT,2023-03-24,Active
CUST0745,Bisi,Taiwo,bisi.taiwo41@gmail.com,Kano,Kano,2023-11-03,Active
CUST0746,Fatima,Babangida,fatima.babangida87@gmail.com,Kano,Kano,2023-07-14,Active
CUST0747,Ayo,Ibrahim,ayo.ibrahim501@gmail.com,Lagos,Lagos,2024-10-20,Active
CUST0748,Chioma,Nnamdi,chioma.nnamdi990@gmail.com,Ibadan,Oyo,2023-02-27,Active
CUST0749,Yemi,Lawal,yemi.lawal470@gmail.com,Abuja,FCT,2024-07-03,Active
CUST0750,Ngozi,Eze,ngozi.eze501@gmail.com,Ibadan,Oyo,2024-09-25,Inactive
CUST0751,Femi,Adeleke,femi.adeleke927@gmail.com,Lagos,Lagos,2024-04-12,Active
CUST0752,Obinna,Bello,obinna.bello117@gmail.com,Lagos,Lagos,2023-08-14,Inactive
CUST0753,Chioma,Chukwu,chioma.chukwu333@yahoo.com,Abuja,FCT,2024-07-12,Active
CUST0754,Ayo,Okonkwo,ayo.okonkwo344@yahoo.com,Port Harcourt,Rivers,2024-03-01,Active
CUST0755,Chukwu,Ibrahim,chukwu.ibrahim948@gmail.com,Kano,Kano,2024-10-09,Active
CUST0756,Ada,Musa,ada.musa7@yahoo.com,Lagos,Lagos,2024-10-29,Active
CUST0757,Chioma,Babangida,chioma.babangida709@yahoo.com,Abuja,FCT,2023-10-05,Active
CUST0758,Bisi,Okorie,bisi.okorie709@yahoo.com,Lagos,Lagos,2024-05-26,Active
CUST0759,Chioma,Oluwole,chioma.oluwole357@gmail.com,Kano,Kano,2023-07-16,Active
CUST0760,Nkechi,Taiwo,nkechi.taiwo520@yahoo.com,Kano,Kano,2024-11-06,Active
CUST0761,Chioma,Eze,chioma.eze702@gmail.com,Lagos,Lagos,2024-05-24,Active
CUST0762,Ngozi,Obi,ngozi.obi292@yahoo.com,Ibadan,Oyo,2024-09-23,Active
CUST0763,Titi,Adeleke,titi.adeleke948@gmail.com,Lagos,Lagos,2023-01-30,Active
CUST0764,Funmi,Nnamdi,funmi.nnamdi607@gmail.com,Lagos,Lagos,2024-11-24,Active
CUST0765,Ibrahim,Ibrahim,ibrahim.ibrahim101@yahoo.com,Port Harcourt,Rivers,2023-07-24,Active
CUST0766,Ayo,Babangida,ayo.babangida56@gmail.com,Lagos,Lagos,2024-09-16,Active
CUST0767,Chukwu,Adeyemi,chukwu.adeyemi648@gmail.com,Abuja,FCT,2023-12-10,Active
CUST0768,Amaka,Nnamdi,amaka.nnamdi470@gmail.com,Lagos,Lagos,2023-08-14,Active
CUST0019,Uche,Taiwo,uche.taiwo785@yahoo.com,Port Harcourt,Rivers,2024-07-16,Active
CUST0769,Chioma,Okorie,chioma.okorie928@yahoo.com,Lagos,Lagos,2023-08-24,Active
CUST0770,Yemi,Fagbemi,yemi.fagbemi485@gmail.com,Abuja,FCT,2024-03-14,Active
CUST0771,Aisha,Fagbemi,aisha.fagbemi228@gmail.com,Lagos,Lagos,2023-06-02,Active
CUST0772,Ngozi,Adeleke,ngozi.adeleke482@gmail.com,Abuja,FCT,2024-03-11,Active
CUST0773,Gbenga,Bello,gbenga.bello464@gmail.com,Port Harcourt,Rivers,2023-01-13,Active
CUST0774,Tunde,Obi,tunde.obi303@yahoo.com,Ibadan,Oyo,2023-01-17,Active
CUST0775,Chukwu,Fagbemi,chukwu.fagbemi766@gmail.com,Lagos,Lagos,2024-04-19,Active
CUST0776,Chioma,Obi,chioma.obi642@gmail.com,Abuja,FCT,2024-10-04,Inactive
CUST0777,Sade,Adegoke,sade.adegoke771@yahoo.com,Abuja,FCT,2024-07-09,Active
CUST0778,Chidi,Okorie,chidi.okorie902@gmail.com,Port Harcourt,Rivers,2024-06-11,Active
CUST0779,Amaka,Chukwu,amaka.chukwu375@gmail.com,Ibadan,Oyo,2024-01-11,Active
CUST0780,Uche,Adeyemi,uche.adeyemi142@gmail.com,Kano,Kano,2023-04-27,Active
CUST0781,Uche,Ibrahim,uche.ibrahim329@gmail.com,Port Harcourt,Rivers,2024-11-27,Active
CUST0782,Fatima,Nnamdi,fatima.nnamdi498@gmail.com,Lagos,Lagos,2024-04-26,Active
CUST0783,Oluwaseun,Oluwole,oluwaseun.oluwole463@gmail.com,Port Harcourt,Rivers,2023-03-09,Active
CUST0784,Musa,Okonkwo,musa.okonkwo296@gmail.com,Lagos,Lagos,2023-06-18,Active
CUST0785,Tunde,Adeyemi,,Lagos,Lagos,2024-03-02,Active
CUST0786,Ada,Obi,ada.obi431@gmail.com,Ibadan,Oyo,2023-10-26,Active
CUST0787,Funmi,Lawal,funmi.lawal661@gmail.com,Ibadan,Oyo,2024-11-02,Active
CUST0788,Lola,Lawal,lola.lawal863@gmail.com,Abuja,FCT,2024-08-03,Active
CUST0789,Kola,Ibrahim,kola.ibrahim496@gmail.com,Lagos,Lagos,2023-02-18,Active
CUST0790,Bisi,Okorie,bisi.okorie947@yahoo.com,Abuja,FCT,2023-07-06,Active
CUST0791,Amaka,Adeleke,amaka.adeleke325@gmail.com,Lagos,Lagos,2024-01-14,Active
CUST0792,Lola,Abubakar,lola.abubakar353@yahoo.com,Port Harcourt,Rivers,2023-06-16,Active
CUST0793,Musa,Babangida,musa.babangida787@yahoo.com,Ibadan,Oyo,2023-11-24,Active
CUST0794,Sade,Babangida,sade.babangida918@yahoo.com,Kano,Kano,2024-08-10,Active
CUST0795,Amaka,Babangida,amaka.babangida922@yahoo.com,Lagos,Lagos,2023-04-30,Active
CUST0796,Funmi,Nnamdi,funmi.nnamdi366@yahoo.com,Kano,Kano,2024-10-18,Active
CUST0809,Aisha,Obi,aisha.obi50@yahoo.com,Lagos,Lagos,2023-03-20,Active
CUST0810,Amaka,Okorie,amaka.okorie771@yahoo.com,Lagos,Lagos,2023-11-20,Active
CUST0811,Kola,Obi,kola.obi99@gmail.com,Port Harcourt,Rivers,2023-05-28,Inactive
CUST0812,Uche,Babangida,uche.babangida422@gmail.com,Lagos,Lagos,2023-04-15,Active
CUST0813,Yemi,Taiwo,yemi.taiwo629@gmail.com,Lagos,Lagos,2024-06-28,Active
CUST0814,Amaka,Adegoke,amaka.adegoke472@gmail.com,Port Harcourt,Rivers,2023-05-15,Active
CUST0815,Gbenga,Obi,gbenga.obi143@gmail.com,Lagos,Lagos,2024-09-03,Active
CUST0816,Sade,Okafor,sade.okafor763@gmail.com,Lagos,Lagos,2023-05-26,Active
CUST0005,Tobi,Bello,tobi.bello997@gmail.com,Port Harcourt,Rivers,2023-10-28,Active
CUST0006,Fatima,Fagbemi,fatima.fagbemi197@gmail.com,Ibadan,Oyo,2023-08-22,Active
CUST0007,Nkechi,Bello,nkechi.bello390@yahoo.com,Ibadan,Oyo,2024-01-09,Active
CUST0008,Kola,Musa,kola.musa624@gmail.com,Lagos,Lagos,2023-09-08,Active
CUST0009,Blessing,Taiwo,blessing.taiwo225@gmail.com,Lagos,Lagos,2023-02-27,Active
CUST0010,Musa,Nwosu,musa.nwosu68@yahoo.com,Port Harcourt,Rivers,2023-11-19,Active
CUST0011,Blessing,Nnamdi,blessing.nnamdi147@yahoo.com,Abuja,FCT,2024-07-28,Active
CUST0012,Musa,Obi,musa.obi225@gmail.com,Ibadan,Oyo,2024-05-20,Active
CUST0013,Tunde,Okonkwo,tunde.okonkwo812@gmail.com,Ibadan,Oyo,2024-01-30,Active
CUST0014,Tobi,Okafor,tobi.okafor697@gmail.com,Abuja,FCT,2024-07-03,Active
CUST0817,Tunde,Musa,tunde.musa436@gmail.com,Lagos,Lagos,2023-03-21,Inactive
CUST0818,Ngozi,Adeyemi,ngozi.adeyemi111@yahoo.com,Port Harcourt,Rivers,2024-08-30,Inactive
CUST0819,Ngozi,Musa,ngozi.musa309@gmail.com,Ibadan,Oyo,2023-05-07,Active
CUST0820,Yemi,Okonkwo,yemi.okonkwo687@gmail.com,Kano,Kano,2023-10-12,Active
CUST0821,Nkechi,Lawal,nkechi.lawal800@gmail.com,Abuja,FCT,2024-08-06,Inactive
CUST0822,Gbenga,Adeyemi,gbenga.adeyemi988@yahoo.com,Abuja,FCT,2024-07-04,Inactive
CUST0823,Blessing,Lawal,blessing.lawal872@gmail.com,Ibadan,Oyo,2024-08-26,Active
CUST0824,Fatima,Chukwu,fatima.chukwu435@yahoo.com,Lagos,Lagos,2023-04-26,Active
CUST0825,Amaka,Lawal,amaka.lawal140@gmail.com,Lagos,Lagos,2023-10-23,Active
CUST0826,Ada,Bello,ada.bello395@yahoo.com,Lagos,Lagos,2023-11-16,Active
CUST0827,Aisha,Oluwole,aisha.oluwole876@gmail.com,Lagos,Lagos,2024-05-02,Active
CUST0734,Titi,Oluwole,,Abuja,FCT,2023-04-05,Inactive
CUST0839,Nkechi,Okonkwo,nkechi.okonkwo519@yahoo.com,Abuja,FCT,2024-08-28,Active
CUST0840,Sade,Abubakar,sade.abubakar63@yahoo.com,Port Harcourt,Rivers,2024-01-11,Active
CUST0841,Oluwaseun,Abubakar,oluwaseun.abubakar390@yahoo.com,Lagos,Lagos,2024-01-01,Active
CUST0842,Funmi,Ibrahim,funmi.ibrahim664@gmail.com,Kano,Kano,2023-03-09,Active
CUST0843,Emeka,Taiwo,emeka.taiwo334@yahoo.com,Lagos,Lagos,2024-03-08,Active
CUST0844,Gbenga,Babangida,gbenga.babangida603@yahoo.com,Lagos,Lagos,2024-08-07,Active
CUST0845,Ada,Bello,ada.bello708@gmail.com,Lagos,Lagos,2024-05-29,Active
CUST0846,Dayo,Oluwole,dayo.oluwole373@gmail.com,Lagos,Lagos,2024-10-12,Active
CUST0847,Tobi,Adeyemi,tobi.adeyemi295@yahoo.com,Port Harcourt,Rivers,2024-08-10,Active
CUST0848,Chidi,Fagbemi,chidi.fagbemi98@gmail.com,Kano,Kano,2024-08-03,Active
CUST0849,Fatima,Musa,fatima.musa668@gmail.com,Abuja,FCT,2023-11-04,Active
CUST0020,Aisha,Adeyemi,aisha.adeyemi952@gmail.com,Ibadan,Oyo,2023-07-25,Active
CUST0021,Femi,Obi,femi.obi449@gmail.com,Ibadan,Oyo,2023-09-11,Active
CUST0022,Tobi,Ibrahim,tobi.ibrahim603@yahoo.com,Lagos,Lagos,2024-10-08,Inactive
CUST0023,Nkechi,Abubakar,nkechi.abubakar73@gmail.com,Ibadan,Oyo,2024-05-12,Active
CUST0024,Oluwaseun,Fagbemi,oluwaseun.fagbemi591@gmail.com,Port Harcourt,Rivers,2024-02-21,Active
CUST0025,Fatima,Adegoke,fatima.adegoke421@gmail.com,Kano,Kano,2024-11-20,Active
CUST0026,Titi,Abubakar,titi.abubakar820@gmail.com,Lagos,Lagos,2023-07-14,Active
CUST0027,Kola,Nnamdi,kola.nnamdi256@gmail.com,Abuja,FCT,2024-07-17,Active
CUST0028,Blessing,Ibrahim,blessing.ibrahim171@gmail.com,Ibadan,Oyo,2024-02-15,Active
CUST0029,Musa,Nwosu,musa.nwosu949@gmail.com,Abuja,FCT,2024-03-09,Active
CUST0030,Sade,Adeyemi,sade.adeyemi992@yahoo.com,Lagos,Lagos,2023-03-04,Active
CUST0031,Ada,Lawal,ada.lawal942@gmail.com,Lagos,Lagos,2024-06-04,Active
CUST0032,Chidi,Ibrahim,chidi.ibrahim414@yahoo.com,Lagos,Lagos,2023-09-10,Active
CUST0033,Aisha,Fagbemi,aisha.fagbemi579@gmail.com,Kano,Kano,2023-07-29,Active
CUST0034,Musa,Eze,musa.eze688@gmail.com,Lagos,Lagos,2023-03-16,Inactive
CUST0035,Amaka,Musa,amaka.musa551@yahoo.com,Ibadan,Oyo,2023-12-24,Active
CUST0036,Bisi,Nnamdi,bisi.nnamdi854@gmail.com,Abuja,FCT,2024-10-31,Active
CUST0037,Amaka,Eze,amaka.eze271@yahoo.com,Ibadan,Oyo,2024-07-20,Active
CUST0038,Gbenga,Abubakar,gbenga.abubakar209@gmail.com,Kano,Kano,2024-06-01,Active
CUST0039,Aisha,Nwosu,aisha.nwosu46@yahoo.com,Lagos,Lagos,2024-10-14,Active
CUST0040,Tobi,Adegoke,tobi.adegoke575@yahoo.com,Port Harcourt,Rivers,2023-06-02,Active
CUST0041,Tunde,Adegoke,tunde.adegoke131@yahoo.com,Kano,Kano,2023-02-10,Active
CUST0042,Lola,Bello,lola.bello363@gmail.com,Kano,Kano,2024-02-21,Active
CUST0043,Funmi,Okonkwo,funmi.okonkwo820@gmail.com,Ibadan,Oyo,2023-01-26,Active
CUST0044,Aisha,Ibrahim,aisha.ibrahim274@yahoo.com,Port Harcourt,Rivers,2024-01-27,Active
CUST0476,Amaka,Bello,,Port Harcourt,Rivers,2023-12-30,Active
CUST0602,Femi,Eze,femi.eze719@gmail.com,Lagos,Lagos,2024-05-14,Active
CUST0045,Obinna,Nnamdi,obinna.nnamdi359@gmail.com,Lagos,Lagos,2023-08-22,Active
CUST0046,Ibrahim,Nwosu,ibrahim.nwosu886@yahoo.com,Lagos,Lagos,2023-12-26,Active
CUST0828,Lola,Babangida,lola.babangida689@yahoo.com,Lagos,Lagos,2024-11-05,Active
CUST0829,Musa,Fagbemi,musa.fagbemi105@gmail.com,Lagos,Lagos,2023-06-22,Inactive
CUST0830,Dayo,Chukwu,dayo.chukwu126@yahoo.com,Lagos,Lagos,2024-05-26,Active
CUST0831,Ayo,Nwosu,ayo.nwosu775@gmail.com,Port Harcourt,Rivers,2024-02-14,Active
CUST0832,Ada,Lawal,ada.lawal286@yahoo.com,Ibadan,Oyo,2023-05-06,Active
CUST0833,Tunde,Okafor,tunde.okafor102@gmail.com,Lagos,Lagos,2024-05-25,Active
CUST0834,Lola,Abubakar,lola.abubakar157@gmail.com,Abuja,FCT,2023-03-20,Active
CUST0835,Yemi,Oluwole,yemi.oluwole678@gmail.com,Port Harcourt,Rivers,2024-07-09,Active
CUST0836,Uche,Adeleke,uche.adeleke441@gmail.com,Abuja,FCT,2024-04-05,Active
CUST0837,Ngozi,Adeleke,ngozi.adeleke182@gmail.com,Abuja,FCT,2023-11-07,Active
CUST0838,Tunde,Oluwole,tunde.oluwole733@gmail.com,Abuja,FCT,2024-08-05,Active
CUST0551,Lola,Adeleke,,Kano,Kano,2023-06-11,Active
CUST0047,Obinna,Taiwo,obinna.taiwo340@gmail.com,Kano,Kano,2023-09-25,Active
CUST0048,Dayo,Adegoke,dayo.adegoke354@gmail.com,Lagos,Lagos,2024-09-12,Active
CUST0049,Ayo,Adeyemi,ayo.adeyemi261@yahoo.com,Abuja,FCT,2024-06-16,Active
CUST0050,Chidi,Abubakar,chidi.abubakar639@gmail.com,Abuja,FCT,2023-11-04,Active
CUST0051,Gbenga,Oluwole,gbenga.oluwole568@yahoo.com,Lagos,Lagos,2024-01-24,Active
CUST0052,Sade,Chukwu,sade.chukwu562@gmail.com,Kano,Kano,2023-08-04,Active
CUST0053,Chukwu,Adeyemi,chukwu.adeyemi524@gmail.com,Abuja,FCT,2023-06-23,Active
CUST0054,Femi,Okorie,femi.okorie344@yahoo.com,Abuja,FCT,2023-08-29,Active
CUST0055,Tunde,Okafor,tunde.okafor48@yahoo.com,Port Harcourt,Rivers,2023-03-16,Active
CUST0056,Gbenga,Chukwu,gbenga.chukwu507@gmail.com,Lagos,Lagos,2023-01-06,Active
CUST0057,Funmi,Okonkwo,funmi.okonkwo824@gmail.com,Port Harcourt,Rivers,2023-02-21,Active
CUST0058,Chioma,Nnamdi,chioma.nnamdi684@gmail.com,Abuja,FCT,2023-11-21,Active
CUST0859,Tunde,Okafor,gbenga.obi936@gmail.com,Lagos,Lagos,2023-10-12,Active
CUST0860,Bisi,Adeleke,tunde.ibrahim881@gmail.com,Kano,Kano,2023-01-21,Active
CUST0861,Oluwaseun,Musa,tunde.oluwole733@gmail.com,Lagos,Lagos,2024-09-08,Active
CUST0862,Chidi,Adegoke,amaka.babangida922@yahoo.com,Lagos,Lagos,2024-11-18,Active
CUST0863,Chidi,Chukwu,bisi.nwosu461@gmail.com,Kano,Kano,2023-08-30,Active
CUST0864,Titi,Lawal,tunde.oluwole894@gmail.com,Lagos,Lagos,2024-06-18,Active
CUST0865,Ayo,Lawal,uche.obi627@yahoo.com,Kano,Kano,2024-05-23,Active
CUST0850,Musa,Nwosu,musa.nwosu640@gmail.com,Lagos,Lagos,2024-07-14,Active
CUST0851,Blessing,Adegoke,oluwaseun.obi953@yahoo.com,Ibadan,Oyo,2024-06-18,Active
CUST0852,Chukwu,Eze,chioma.nnamdi639@yahoo.com,Lagos,Lagos,2023-06-04,Active
CUST0853,Uche,Oluwole,ayo.nwosu775@gmail.com,Port Harcourt,Rivers,2024-02-25,Active
CUST0854,Obinna,Musa,uche.nnamdi178@gmail.com,Lagos,Lagos,2023-07-28,Active
CUST0855,Kola,Oluwole,fatima.okonkwo54@gmail.com,Port Harcourt,Rivers,2023-09-20,Active
CUST0856,Funmi,Chukwu,ayo.nnamdi147@gmail.com,Kano,Kano,2023-04-27,Active
CUST0857,Emeka,Ibrahim,titi.abubakar619@yahoo.com,Lagos,Lagos,2024-04-20,Active
CUST0858,Aisha,Adegoke,uche.chukwu285@gmail.com,Abuja,FCT,2023-07-26,Active
CUST0001,Emeka,Nwosu,emeka.nwosu251@yahoo.com,Kano,Kano,2024-11-23,Active
CUST0002,Ngozi,Okafor,ngozi.okafor96@yahoo.com,Kano,Kano,2023-01-28,Active
CUST0003,Ayo,Nwosu,ayo.nwosu829@gmail.com,Lagos,Lagos,2023-06-13,Active
CUST0004,Yemi,Abubakar,yemi.abubakar105@yahoo.com,Lagos,Lagos,2023-12-19,Active
CUST0015,Aisha,Okonkwo,aisha.okonkwo465@yahoo.com,Lagos,Lagos,2023-09-27,Active
CUST0016,Amaka,Oluwole,amaka.oluwole862@gmail.com,Abuja,FCT,2023-06-06,Active
CUST0017,Uche,Lawal,uche.lawal941@yahoo.com,Abuja,FCT,2023-01-20,Active
CUST0018,Obinna,Oluwole,obinna.oluwole246@yahoo.com,Ibadan,Oyo,2023-03-22,Active
CUST0455,Tunde,Adeyemi,,Abuja,FCT,2024-03-06,Active
CUST0797,Uche,Nwosu,uche.nwosu201@yahoo.com,Port Harcourt,Rivers,2024-04-01,Active
CUST0798,Musa,Adeyemi,musa.adeyemi503@gmail.com,Ibadan,Oyo,2023-02-27,Active
CUST0799,Gbenga,Adegoke,,Abuja,FCT,2023-12-20,Active
CUST0800,Chidi,Adeyemi,chidi.adeyemi746@gmail.com,Ibadan,Oyo,2024-03-01,Active
CUST0801,Titi,Adegoke,titi.adegoke747@gmail.com,Lagos,Lagos,2024-08-24,Active
CUST0802,Ada,Lawal,ada.lawal344@yahoo.com,Lagos,Lagos,2024-01-20,Active
CUST0803,Kola,Adegoke,kola.adegoke180@gmail.com,Kano,Kano,2023-05-21,Active
CUST0804,Ada,Adeleke,ada.adeleke843@gmail.com,Lagos,Lagos,2023-11-08,Active
CUST0805,Emeka,Okafor,emeka.okafor158@yahoo.com,Abuja,FCT,2024-10-13,Active
CUST0806,Ada,Ibrahim,ada.ibrahim30@yahoo.com,Abuja,FCT,2023-03-10,Active
CUST0807,Ayo,Adegoke,ayo.adegoke890@yahoo.com,Kano,Kano,2023-05-03,Active
CUST0808,Bisi,Fagbemi,bisi.fagbemi60@yahoo.com,Port Harcourt,Rivers,2023-05-19,Active
